# DECODING GOLDEN (review batch B5, gate C): what each cell, sheet, file, write and query
# of every decoding shape holds, by the rules below. GENERATED by scripts/decoding-golden.py; do not edit.
# 94 shapes (5 built by the test at run time); rows by kind: {'C': 616, 'F': 25, 'Q': 82, 'S': 36, 'T': 9, 'W': 19}; must=1 by kind: {'C': 279, 'Q': 57, 'S': 20, 'W': 14}
# rows by basis: b1:W3 4, b1:ceiling 1, b1:floor 1, b4:decision-33 2, b4:decision-37 2, ecma:18.17.4.1 13, ecma:18.3.1.73 23, ecma:18.4.6 4, ecma:22.9.2.19 4, excel:asked 59, excel:corpus 6, excel:doc 31, excel:observed 491, excel:refused 1, excel:repaired 66, excel:written 2, opc:6.2.2.3 1, opc:6.5 5, opc:damaged 4, r8:zip-lookup 9, settled:X3 2, settled:X5 4, settled:X8 1, undecided:1900-02-29 1, undecided:cell-row-mismatch 2, undecided:cp1252-byte-not-e9 5, undecided:cp1252-undefined 1, undecided:duplicate-cell 2, undecided:encoding 2, undecided:latin1-c1 1, undecided:latin1-non-ascii 6, undecided:out-of-order 2, undecided:repeated-row-rless 2, undecided:run-end-whitespace 6, undecided:utf16be-no-bom 6, xml:1.0 1, xml:2.7 2, xml:4.3.3 12
# undecided aspects (the row expects a refusal): 1900-02-29 1, cell-row-mismatch 2, cp1252-byte-not-e9 5, cp1252-undefined 1, duplicate-cell 2, encoding 2, latin1-c1 1, latin1-non-ascii 6, out-of-order 2, repeated-row-rless 2, run-end-whitespace 6, utf16be-no-bom 6
# BASES: ecma:<clause> ECMA-376 5th ed. Part 1; opc:<clause> its Part 2 (absent/damaged: PKG-2);
#   excel:doc Microsoft's documentation of Excel ([MS-OI29500] notes, Excel specifications and limits);
#   EXCEL REQUEST 4 (desktop Excel for Mac 16.113.4, 2026-10-08: docs/review/2026-10-08-excel-request-4-
#   results/SETTLED.md; its answers in excel-cache.jsonl beside this file, applied by gate round 3's X1):
#     excel:observed  the expectation is what Excel's saved workbook OF THIS SHAPE holds at that cell (an S
#                     or Q row: counted off those saved cells), and the rules agree with it. Never a formula
#                     cell: its saved value is Excel's recalculation, not a reading of the cache (round 4);
#     excel:asked     the same content - a serial, a text, a column of numbers - in one of request 4's ask
#                     workbooks, whose cells Excel computed (TEXT, DAY, MONTH, YEAR, LEN, SUM ...), and the
#                     rules agree with it (round 4);
#     excel:repaired  Excel repaired the file (X1: damage): the cell is refused, whatever Excel shows;
#     excel:refused   Excel refused to open the file;
#     settled:X<n>    a rule round 3 amended from Excel's answers, on a shape or a cell Excel was not shown
#                     (a formula's cache, which Excel recalculates, among them);
#     excel:corpus    Excel's own writing in Excel-saved corpus files (decision 40's second source: VAL-7);
#     excel:written   Excel's own writing in a workbook it saved for request 4, which it reads back: the
#                     same content written by Excel in another shape's saved file (VAL-7's internal tab);
#   xml:<clause> XML 1.0; b1:/b3:/b4:<rule> a decided rule of an earlier gate (b3:clockround: Excel rounds
#   a clock; b3:epoch: Excel's serial 1 is 1900-01-01; b4:*: B4 round 2's value rules and decision 37;
#   b1:W3 the writer folds identical duplicates; b1:ceiling and b1:floor: --period names no date past
#   9999-12-31, nor below serial 61, where Excel's serials and the calendar disagree); r8:zip-lookup the
#   review's resource finding;
#   undecided:<aspect> nothing decides it, so the product must refuse.
# EXCEL'S ANSWERS APPLIED: {'C clean -> excel:observed': 422, 'C formula, clean: Excel recalculated it, its basis kept': 10, 'C formula, repaired: Excel recalculated it, its basis kept': 1, 'C repaired -> excel:observed': 63, 'C repaired -> excel:repaired': 55, 'C volatile, not compared (X12)': 1, 'F refusal Excel refused': 1, 'F refusal Excel repaired': 11}
# UNSETTLED (where Excel's evidence did not settle a rule as written; each row stays a refusal):
#   val-utf16be-nobom-sst!A1,A2,A3,B1: undecided:utf16be-no-bom (round 4: decided in round 3 from the spec's wording alone, settled:X5; Excel was not shown it): xl/sharedStrings.xml refused, for a later request
#   val-latin1-sst!A1,A2,A3,B1: undecided:latin1-non-ascii (round 4: decided in round 3 from the spec's wording alone, settled:X5; Excel was not shown it): xl/sharedStrings.xml refused, for a later request
#   val-cp1252-sheet!A1,A2,A3,B1: undecided:cp1252-byte-not-e9 (round 4: decided in round 3 from the spec's wording alone, settled:X5; Excel was not shown it): xl/worksheets/sheet1.xml refused, for a later request
#   val-space!C1,D1,C3,D3,C4,D4: undecided:run-end-whitespace (round 4: decided in round 3 from the spec's wording alone, settled:X4; Excel was shown <t> directly under <si> and <is> only, never a run's): refused, for a later request
#   per-edges (1900, serial 0.0): Excel buckets it 1900-01-00 (DAY, MONTH, YEAR: its fictional day 0, which it does not refuse); the row's refusal is B1's floor (b1:floor: --period names no date below serial 61)
#   per-edges (1900, serial 60.0): Excel buckets it 1900-02-29 (DAY, MONTH, YEAR); PER-1 leaves the fictional 1900-02-29 undecided, so the row stays a refusal
# RULES (id, rule, source, what [MS-OI29500] rev. 25.0 says of the element - each note read on
#   2026-10-08 at learn.microsoft.com/en-us/openspecs/office_standards/ms-oi29500 - and status):
#   POS-1: <row r="n"> is row n; a <row> without r is the previous <row> element's row + 1, self-closing rows included; the first is row 1.
#     source: ECMA-376 Part 1 18.3.1.73 (r optional, no prose for its absence); LibreOffice, openpyxl and the Open XML SDK agree (the spec's survey; not re-run here)
#     MS-OI29500: MS-OI29500 2.1.644 (18.3.1.73 row) a: "Office requires that the r attribute be between 1 and 1048576 inclusive, and shall be in non-decreasing order". No note on a row without r: nothing Microsoft documents decides POS-1, so it rests on the consensus, and Excel is asked (request 4).
#     status: decided; Excel confirms it (request 4, SETTLED.md "Read cleanly": every r-less layout reads positionally, and every decided row agrees)
#   POS-2: A <c> with r is at r's column; without r it is the previous <c> element's column + 1 in the same row, self-closing <c/> included; the first is column A.
#     source: ECMA-376 Part 1 18.3.1.4
#     MS-OI29500: MS-OI29500 2.1.590 (18.3.1.4 c) c: "If this attribute is not specified, the cell shall be located in the column with the index that is 1 greater than that of the previous cell in the parent row collection. If this attribute is not specified and the cell is the first c element in the parent row collection, the cell shall be located in the first column." Agrees; it is Office's own documentation, so the basis is excel:doc.
#     status: decided; Excel confirms it (request 4, SETTLED.md "Read cleanly")
#   POS-3: A cell whose r names another row than its <row>'s: nothing decides where it is.
#     source: none in ECMA-376 for worksheets
#     MS-OI29500: MS-OI29500 has a note for the EXTERNAL-link cell (2.1.838, 18.14.1 cell) c: "Office requires that cell reference be within the row of the parent row element", and none for the worksheet c element. Not applied; it suggests Excel treats the mismatch as damage.
#     status: undecided:cell-row-mismatch, so refused; Excel REPAIRS it (request 4, SETTLED.md "Repaired": Removed Records), so it stays refused (X1)
#   POS-4: Two cells at one address: identical ones are one cell; different ones are not decided.
#     source: every reader agrees on identical; the writer already folds them (B1 W3)
#     MS-OI29500: none
#     status: identical decided (Excel repairs it, removing the extra record, and shows the same value: X1's one exception); different undecided:duplicate-cell, so refused (Excel repairs it, keeping the first: X1)
#   POS-5: Explicit positions that go backwards: a row r below the previous row's, or a cell r left of the previous cell's in its row (equal is POS-4). A row r EQUAL to the previous row's continues that row (round 3, X2): its cells are row n's, and must still ascend after the earlier ones (otherwise POS-4 or POS-5 applies). An r-less cell in such a row is undecided:repeated-row-rless (nothing observed says whether it continues the column count or starts at column A, as 2.1.590 c says of a first <c>).
#     source: none for backwards; for an equal row, Excel observed (request 4, SETTLED.md "Read cleanly": two <row r="2"> elements are MERGED, B2 = 3 read beside A2 = 2; gate round 3 X2)
#     MS-OI29500: MS-OI29500 2.1.644 a requires rows in NON-DECREASING order: a row r EQUAL to the previous row's meets Office's requirement, and Excel merges it (above).
#     status: undecided:out-of-order, so refused; a repeated row decided (merged); an r-less cell in it refused
#   VAL-1: A string's value is the <t> directly under <si>/<is>, or under <r>, concatenated; <rPh> and <phoneticPr> are not part of it.
#     source: ECMA-376 Part 1 18.4.6 (rPh), 18.4.8 (si), 18.3.1.53 (is)
#     MS-OI29500: MS-OI29500 2.1.673 (18.4.6 rPh) a and 2.1.671 (18.4.3 phoneticPr) b: "Excel restricts phonetic text to the Japanese language"; 2.1.675 (si) and 2.1.630 (is): at most 32767 r and rPh children. Nothing contradicts.
#     status: decided; Excel confirms it (request 4, SETTLED.md "Read cleanly": phonetic runs left out)
#   VAL-2: t="d" holds an ISO 8601 date, the serial of that moment in the workbook's system. Decided: YYYY-MM-DD, and YYYY-MM-DDThh:mm, :ss and .fff (no zone, at most 3 fraction digits), from the system's first non-Lotus date (1900-03-01; 1904-01-01) to 9999-12-31. Everything else unreadable.
#     source: ECMA-376 Part 1 18.18.11 (ST_CellType d: "Cell contains a date in the ISO 8601 format") and 18.17.4 (the ISO 8601 lexical forms: complete extended calendar date, time of day, and the two joined by T; fractional seconds "should" have at most three digits; hour 24 is not allowed)
#     MS-OI29500: MS-OI29500 2.1.660 (18.3.1.96 v) d: "Office supports only a limited number of date formats possible using ISO 8601, as listed in the Notes field" - and no list follows, so Microsoft does not document which forms Excel reads; the decided forms rest on ECMA alone and are asked of Excel (request 4). 18.17.4 also allows a time-of-day alone (08:30), which the spec leaves undecided: kept undecided, reported.
#     status: decided forms decided; the rest unreadable (IsoDate). Excel REPAIRS every t="d" workbook (request 4, SETTLED.md "Repaired"): the decided forms agree with it (excel:observed); the undecided ones stay refused, although Excel shows values for some (gate round 3 X13, by X1)
#   VAL-3: workbookPr/@date1904 1 or true: serial 0 is 1904-01-01 and there is no 1900-02-29; 0, false or absent: the 1900 system. It governs display, --period, ISO criteria, t="d" decoding, typed date writes (1904 serial = 1900 serial - 1462; a date before 1904-01-01 refused) and every echo. A STRICT workbook (conformance="strict") draws dates like the compatibility system: 0 is 1900-01-00 and 60 is 1900-02-29 (round 3, X10).
#     source: ECMA-376 Part 1 18.2.28 and 18.17.4.1 (the 1904 system's base date is 1904-01-01, serial 0); Microsoft, "Date systems in Excel"
#     MS-OI29500: MS-OI29500 2.1.585 (18.2.28 workbookPr) j (Office 2013 and later): "If workbook@conformance equals 'strict', the 1900 date system is used. Otherwise the 1900 compatibility date system is used. Excel does not support negative serial numbers." It says a STRICT book uses the true 1900 system (ECMA 18.17.4.1: base 1899-12-30, no 1900-02-29). EXCEL OBSERVED CONTRADICTS IT (request 4, SETTLED.md "A strict workbook": TEXT, DAY, MONTH and YEAR over 0, 1, 2, 59, 60 and 61 in a strict book give 1900-01-00 to 1900-02-29 and 1900-03-01, the compatibility system), and Excel observed wins (decision 40; gate round 3 X10).
#     status: decided; a negative serial's display in a 1904 book undecided (Excel's TEXT draws -1904-01-01 there, SETTLED.md "1904")
#   VAL-4: A part is UTF-8 (with or without a BOM) or UTF-16 (BOM, LE or BE). A part DECLARING windows-1252 or ISO-8859-1, or a UTF-16LE part with no BOM declaring UTF-16 (XML 1.0 Appendix F), is read in that encoding (round 3, X5) - within what Excel was shown (round 4): a windows-1252 part holding a non-ASCII byte other than E9 (80 to 9F included, where windows-1252 and ISO-8859-1 differ), an ISO-8859-1 part holding any non-ASCII byte, and a UTF-16BE part with no BOM are undecided, so refused naming the part. Any other declared encoding is undecided, so refused naming the part. Bytes invalid in the part's encoding (invalid UTF-8) are damage, refused naming the part.
#     source: XML 1.0 4.3.3 (every processor reads UTF-8 and UTF-16) and Excel observed (request 4, SETTLED.md "Read cleanly": a sharedStrings part declared windows-1252 holding the byte E9 reads Café; a worksheet declared ISO-8859-1, holding ASCII bytes only, reads; a sharedStrings part in UTF-16LE declared UTF-16 with no BOM reads from the declaration; gate round 3 X5; round 4 refuses the bytes and byte order Excel was not shown, which round 3 had decided from the spec's wording alone). The spec cited ECMA-376 Part 2 6.2.5 a ("XML content shall be encoded using either UTF-8 or UTF-16"), but that clause covers the parts Part 2 itself defines, not SpreadsheetML parts
#     MS-OI29500: none (MS-OI29500's Part 2 notes, 2.1.1749 to 2.1.1752, say nothing of encodings)
#     status: UTF-8, UTF-16, and declared windows-1252 (ASCII and E9), ISO-8859-1 (ASCII) and BOM-less UTF-16LE decoded; anything else refused
#   VAL-5: A part that ends before its root element closes, or has any other well-formedness error, is damaged.
#     source: XML 1.0 (a fatal error)
#     MS-OI29500: none
#     status: refused, naming the part; Excel repairs a cut-off sheet, sharedStrings, styles or rels part and REFUSES to open a cut-off workbook part (request 4, SETTLED.md "Repaired")
#   VAL-6: A number is xsd:double, whitespace collapsed (<v> 42 </v>, 1E3, .5, 5. and -0 are numbers). A leading +, NaN, INF, -INF and a lexical value past the largest double (1e400) are DAMAGE, so unreadable (round 3, X6: Excel repairs them into text or #NULL!; B4 read +5 as 5 and INF and NaN as non-finite numbers); inf, nan and a comma decimal are unreadable; an empty <v> is "" only on a text-typed cell (decision 37).
#     source: B4 round 2 (B4R1-EVAL-2/3/4), as amended by Excel observed (request 4, SETTLED.md "Repaired": val-b4-numbers; gate round 3 X6)
#     MS-OI29500: MS-OI29500 2.1.660 (18.3.1.96 v) b: a number "shall be a textual representation of a double-precision floating point number"; "If the cell contains a Boolean, the value shall be 1 to specify true and 0 to specify false"; an error is one of #NULL!, #DIV/0!, #VALUE!, #REF!, #NAME?, #NUM!, #N/A. THE BOOLEAN NOTE CONTRADICTS the spec's "a boolean is 1, 0, true or false": by the spec's own rule the note wins, so `true` and `false` in a t="b" cell are undecided:bool-word here (refused). Excel REPAIRS them (request 4: TRUE and FALSE shown for the words, text for TRUE and 2), so they stay refused (gate round 3 X15, by X1).
#     status: decided; booleans 1 and 0 only (the note); +5, NaN, INF, -INF and 1e400 unreadable
#   VAL-7: A <t> WITHOUT xml:space="preserve" loses its leading and trailing XML whitespace (space, tab, LF, CR), in shared strings and inline strings; internal whitespace (a tab included) is kept, and so is a space XML does not count as whitespace (NBSP). Trimming is per <t> element (the attribute is per element), before _xHHHH_ escapes are decoded (an escaped space is no XML whitespace). t="str" <v> text is NOT trimmed (no evidence; decision 37). A rich-text run's <t> (under <r>) with whitespace at an end and no preserve is undecided:run-end-whitespace (round 4: Excel was shown <t> directly under <si> and <is> only), so its string is unreadable.
#     source: Excel observed (request 4, SETTLED.md "Read cleanly", ask-space: ' lead' reads lead (LEN 4), a line feed, two spaces, x and a line feed read x, three spaces read an empty string, in shared and inline strings alike; gate round 3 X4). The internal half and NBSP rest on Excel's own writing (decision 40's second source): Excel-saved corpus files hold <t> elements with no xml:space and internal runs of spaces (542 elements in 123 files carrying Excel 2016's revision namespace; 383,696 in 12,623 more files naming Microsoft Excel), internal line feeds (512 in 47), and NBSP at their ends (40 in 12), which Excel reads back from its own files. The internal TAB (round 4, golden item 6): no corpus file Excel 2016 or later saved (Application Microsoft Excel or Microsoft Macintosh Excel with the xr namespace: 1,940 files) holds a tab in any <t>, with or without xml:space; older Excel files hold 200 such <t> with no xml:space (83 in 24 files naming Microsoft Excel, 19 of them AppVersion 12.0000 or 14.0300; 117 in 2 naming Microsoft Macintosh Excel); and Excel for Mac 16.113.4 itself, saving val-xescape for request 4, wrote <t>a<TAB>b</t> with no xml:space (the shared string _x0009_ decoded to), which SETTLED.md reads as a tab (X3): excel:written
#     MS-OI29500: MS-OI29500 2.1.678 a (as Gate D cites it; not re-read this round): Excel applies the W3C space rules from xml:space; it says nothing of text without one. Excel trims it (above).
#     status: decided; a run's <t> with end whitespace and no preserve undecided (round 4: refused, listed in UNSETTLED)
#   XSTR: Text escapes _xHHHH_ decode to the character, _x0009_ and _x000A_ included (round 3, X3); _x005F_ escapes a lead underscore; CDATA is text.
#     source: ECMA-376 Part 1 22.9.2.19 (ST_Xstring); Excel observed (request 4, SETTLED.md "Read cleanly": _x0009_ and _x000A_ in element text decode to a tab and a line feed; gate round 3 X3)
#     MS-OI29500: MS-OI29500 2.1.1747 (22.9.2.19 ST_Xstring) a: "Office does not allow the newline (0x000A) or tab (0x0009) characters to be escaped in this simple type's contents"; b: CR shall be escaped; c: _x005f_ only to escape the lead underscore of an _xHHHH_ form. That note says what Office WRITES; Excel READS an escaped tab or line feed as the character (above).
#     status: decided
#   PKG-1: Parts are found through relationships: the workbook through _rels/.rels's officeDocument, sharedStrings and styles through the workbook's rels by TYPE, transitional and strict. A Target resolves against its source part's folder, or from the root with a leading /. Part names match ASCII case-insensitively.
#     source: ECMA-376 Part 2 6.2.2.3 (part name equivalence is ASCII case-insensitive), 6.5 and Annex A (relationships, relative references)
#     MS-OI29500: MS-OI29500 2.1.1749 (Part 2 6.2.2.2): "Office will not load a package containing parts with non-ASCII characters in their names" (every name here is ASCII); and, among the Part 2 notes (2.1.1749 to 2.1.1752), that Office uses STORE as well as DEFLATE. Nothing contradicts.
#     status: decided; Excel confirms it (request 4, SETTLED.md "Read cleanly": other names, absolute and .. Targets, strict types, a relocated workbook part)
#   PKG-2: No relationship: the part is ABSENT (no string table; every cell General). A relationship to a STYLES part that is missing: absent too, no styles, every cell General (round 4). A relationship to a sharedStrings or worksheet part that is missing, or a part that fails its CRC or inflate, or passes the cap: a DAMAGED package.
#     source: ECMA-376 Part 2; Excel observed (request 4: pkg-missing-styles, a relationship to a missing styles part, opened with no repair and saved A1 = 1, its one cell, as a number; gate round 4, golden item 1)
#     MS-OI29500: none
#     status: absent decided; damaged refused, naming the part. Excel REPAIRS a sharedStrings part with no relationship (Removed Records) and a styles part with no relationship (Repaired Records: General), and a relationship to a missing sharedStrings or sheet part (X1: damage); it opened a relationship to a missing STYLES part cleanly (pkg-missing-styles: absent)
#   PKG-3: A t="s" value that is not a non-negative integer below the table's length (no table included) is unreadable.
#     source: ECMA-376 Part 1 18.3.1.4, 18.4.8
#     MS-OI29500: MS-OI29500 2.1.660 b: "the value shall be a zero-based index into the shared string table". Agrees.
#     status: unreadable, named; Excel REPAIRS every such cell (request 4, SETTLED.md "Repaired": Removed Records), so they stay refused (X1)
#   PKG-4: Every part the read path reads whole has the write path's caps; a part past one is refused.
#     source: decision 33; surgical.rs PART_DECOMPRESS_CAP (512 MiB) and TOTAL_DECOMPRESS_CAP (2 GiB)
#     MS-OI29500: none
#     status: refused
#   PKG-5: A command on ONE sheet reads no other sheet's part; the package is opened once; a command over every sheet reads each part a bounded number of times.
#     source: R8 zip-entry-lookup; IC-50
#     MS-OI29500: none
#     status: resource checks with a wide bound
#   NUM-1: A figure from finite cells that is not itself a finite double (a sum or mean past 1.8e308; a stddev or variance whose intermediate overflows) has no value: NOT A REAL ANSWER, naming it. An AVERAGE over a sum that overflows is #NUM! too, so refused (round 3, X7).
#     source: Excel specifications and limits (largest number 9.99999999999999E+307); KB "Floating-point arithmetic": overflow is #NUM!; Excel observed (request 4, SETTLED.md "Overflow": SUM, AVERAGE, STDEV and VAR over 9E+307, 9E+307, 1 give #NUM!; STDEV and VAR over 1E+200, -1E+200, 0 give #NUM! while SUM and AVERAGE give 0; gate round 3 X7)
#     MS-OI29500: none
#     status: refused, decided
#   PER-1: --period buckets a serial by its date ROUNDED TO THE NEAREST SECOND (round 3, X8; it was the millisecond). Past 9999-12-31 after rounding, below the system's first day (1900-01-01; 1904-01-01), or negative is not a date (rows_not_a_date). In the 1904 system serial 0 is 1904-01-01. The 1900 system's serial 60 (Excel's fictional 1900-02-29) stays undecided:1900-02-29. Its serial 0, Excel's fictional 1900-01-00, is no date by B1's floor (--period names no date below serial 61), not by Excel, whose DAY, MONTH and YEAR give 1900-01-00 (round 4: b1:floor).
#     source: Excel observed (request 4, SETTLED.md "--period": DAY, MONTH and YEAR round the serial to the nearest second - 0.7 ms before midnight is the next day; 8.6 ms before the end of 9999-12-31 is #NUM!; a negative serial is #NUM! in a 1904 book; gate round 3 X8). Each PER-1 row whose serial Excel was asked about is checked against its DAY, MONTH and YEAR in the ask-per1 workbooks here (per1_answer; excel:asked)
#     MS-OI29500: none
#     status: decided
#   REPAIR: A shape Excel REPAIRS is damage (round 3, X1). In a repaired file a cell whose saved value equals the rule's stays decided (excel:observed); a cell where it differs, and every undecided cell, is refused (excel:repaired). A byte-identical repeated cell stays one cell (Excel removes the extra record and keeps the value). A file Excel refuses to open is refused (excel:refused). The undecided t="d" forms (X13), error codes outside the documented eight (X14) and the boolean words (X15) stay refused by this rule.
#     source: Excel observed (request 4, SETTLED.md "How a repair counts"; gate round 3 X1, X13 to X15)
#     MS-OI29500: none
#     status: decided
#   VOLATILE: A volatile formula's value (NOW, TODAY, RAND, RANDBETWEEN, RANDARRAY, OFFSET, INDIRECT, INFO, CELL) is never compared with Excel's: Excel recalculates it (round 3, X12).
#     source: Excel observed (request 4, SETTLED.md "One spurious contradiction": pos-rless-formulas C1, a NOW())
#     MS-OI29500: none
#     status: not compared
# RESOURCE BOUNDS (T rows): one-sheet commands 1.0 s; workbook-summary 6.0 s at 1,000 sheets and 12.0 s at 2,000. Wall time, measured
#   on the development machine with its other services running (load 10 to 17): master took 3.07 s for
#   one sheet of 1,000 and 0.55 ms a sheet for workbook-summary over 10, growing with the count; Python's
#   zipfile and expat read every part of 2,000 sheets in 0.14 s. They guard the complexity (one open, no
#   other sheet read, each part read a bounded number of times), not the speed. See ONE_SHEET_BOUND.
# FORMAT. Tab-separated; a line starting # is a comment. Text fields escape \ \t \n \r and other control
# characters as \u{hex}. Rows:
#   X  <shape> <file | runtime:<kind>:<n>> <date system 1900|1904> <what the shape is>
#   C  <shape> <sheet> <cell> <expect> <shown> <raw> <basis> <must> <rule>        a cell
#        expect: n:<number> | s:<text> | b:TRUE|FALSE | e:<code> | blank | date:<iso>@<serial> |
#                nonfinite:<spelling> | unreadable:<kind> (the value is undecided: never a value, blank or "")
#                | refuse:<aspect> (the cell's PLACE is undecided: no value, and no write into it)
#        shown:  the grid's text for the cell (get-range, view-sheet), or - where it is not judged
#                (a text's grid text is the text itself)
#        raw:    the value's spelling in the file, which the grid may show (backticked) for a value it
#                cannot read; - for a decided value
#        A date's serial is compared within 1e-8 days: which double a moment with a time is, is not decided.
#   S  <shape> <sheet> <field> <expect> <basis> <must> <rule>                       a sheet
#        used <A1:B2> (sheet-summary's range), nonblank <n> (sheet-summary), uncached <n> and volatile <n>
#        (clear-recalculation-flag's audit, without --clear), view content|empty (view-sheet), clear kept
#        (clear-recalculation-flag --clear on a copy leaves fullCalcOnLoad set, read by the test's own parser)
#   F  <shape> <ok | refuse:<part>> <basis> <must> <rule>                           a file
#        refuse: every command that prints a figure, a value or a count, and every write, exits non-zero with
#        an error naming the part; none prints a value. list-sheets is reported, not judged.
#   W  <shape> <sheet> <cell> <input> <checks> <basis> <must> <rule>                a write (set-cell, on a copy)
#        checks, ;-joined: exit=0 | refuse | v:<cell>=n:<x>|none (the cached <v> the write left, read by the
#        TEST's own parser of the output part) | flag=0|1 (fullCalcOnLoad after the write) | deps=<cells> (named
#        by the report) | echo=<field>:<value> (the report's field). Every write also checks, by that parser,
#        that the written cell is where it was asked to be and every other cell kept its place and value.
#   Q  <shape> <sheet> <command> <checks> <basis> <must> <rule>                     a query
#        command: the CLI arguments after <path> <sheet>, |-joined. checks, ;-joined <field>=<expect>:
#        value|mean|std_dev|total_matched|rows_not_a_date = n:<x> | refuse (exit non-zero, or NOT A REAL
#        ANSWER in the output); rows=<r,r>; distinct=<v>:<n>,...; groups=<key>:n:<x>|refuse,... (a group's
#        refuse: its figure null and the group named beside the overflow, group-by's own convention). A bucket
#        missing because its row was counted in rows_not_a_date is a refusal, not a wrong answer.
#   T  <shape> <sheet> <command> <seconds> <basis> <must> <rule>                    a resource bound
#        command: the CLI arguments after <path>, |-joined; it must finish within <seconds> of wall time.
# PATHS every C row runs through, which must give its outcome and agree with each other:
#   grid (get-range), view (view-sheet), count and sum (aggregate over the cell's own row), find (a find-rows
#   criterion on the value), distinct (text), write (set-cell =<cell>*1, or =<cell>&"" for text, into column Z
#   of a copy, read back by the test's own parser), deps (a write to the cell finds that Z formula), diff (the
#   file against a copy with only that cell changed names that cell, and no other but the dependents the write
#   itself named), agree (what the grid, view, count, sum and write saw of the cell agree with each other).
# MUST=1 marks the rows the product must DECIDE, not refuse (POS-1, POS-2, VAL-1, VAL-2's decided forms,
#   VAL-3, PKG-1, NUM-1's refusal, PER-1). A must=0 row with a value passes on a refusal, counted.
X	pos-mixed	pos-mixed.xlsx	1900	r-less cells mixed with explicit ones (A1 B1 E1 F1)
C	pos-mixed	S	A1	n:1	1	-	excel:observed	1	POS-2
C	pos-mixed	S	B1	n:2	2	-	excel:observed	1	POS-2
C	pos-mixed	S	E1	n:5	5	-	excel:observed	0	POS-2
C	pos-mixed	S	F1	n:6	6	-	excel:observed	1	POS-2
C	pos-mixed	S	H1	n:14	14	-	excel:doc	0	POS-2
C	pos-mixed	S	A2	n:10	10	-	excel:observed	0	POS-2
C	pos-mixed	S	A5	n:50	50	-	excel:observed	0	POS-2
C	pos-mixed	S	C1	blank		-	excel:observed	1	POS-2
S	pos-mixed	S	used	A1:H5	excel:doc	1	POS-2
S	pos-mixed	S	nonblank	7	excel:doc	1	POS-2
S	pos-mixed	S	view	content	excel:doc	1	POS-2
W	pos-mixed	S	A1	100	exit=0;v:H1=n:113;deps=H1;flag=0	excel:doc	1	POS-2: the write proof reads r-less inputs
W	pos-mixed	S	C1	3	exit=0;v:C1=n:3	excel:doc	1	POS-2: a write into a row of r-less cells
W	pos-mixed	S	D1	=A1+F1	exit=0;v:D1=n:7;flag=0	excel:doc	1	POS-2: a formula over r-less inputs
Q	pos-mixed	S	aggregate|A|sum|1:5	value=n:61	excel:doc	1	POS-2
Q	pos-mixed	S	aggregate|F|sum|1:1	value=n:6	excel:doc	1	POS-2
X	pos-rless-all	pos-rless-all.xlsx	1900	every row and cell without r
C	pos-rless-all	S	A1	s:Id	-	-	excel:observed	1	POS-1, POS-2
C	pos-rless-all	S	B1	s:Amount	-	-	excel:observed	1	POS-1, POS-2
C	pos-rless-all	S	A2	n:2	2	-	excel:observed	1	POS-1, POS-2
C	pos-rless-all	S	B2	n:20	20	-	excel:observed	1	POS-1, POS-2
C	pos-rless-all	S	A3	n:3	3	-	excel:observed	1	POS-1, POS-2
C	pos-rless-all	S	B3	n:30	30	-	excel:observed	1	POS-1, POS-2
C	pos-rless-all	S	C3	n:90	90	-	ecma:18.3.1.73	1	POS-1, POS-2
S	pos-rless-all	S	used	A1:C3	ecma:18.3.1.73	1	POS-1, POS-2
S	pos-rless-all	S	nonblank	7	ecma:18.3.1.73	1	POS-1, POS-2
S	pos-rless-all	S	view	content	ecma:18.3.1.73	1	POS-1, POS-2
Q	pos-rless-all	S	aggregate|B|sum|2:3	value=n:50	ecma:18.3.1.73	1	POS-1, POS-2
Q	pos-rless-all	S	find-rows|1:3|--criteria|A=3|--return-columns|A,B	total_matched=n:1;rows=3	ecma:18.3.1.73	1	POS-1, POS-2
W	pos-rless-all	S	B3	40	exit=0;v:C3=n:120;deps=C3;flag=0	ecma:18.3.1.73	1	POS-1, POS-2
W	pos-rless-all	S	A2	5	exit=0;v:A2=n:5	ecma:18.3.1.73	1	POS-1, POS-2: a write into an all-r-less sheet
X	pos-selfclosing-row	pos-selfclosing-row.xlsx	1900	<row r="2"/> then r-less rows (review stream-core/empty-row-not-counted)
C	pos-selfclosing-row	S	A1	n:1	1	-	excel:observed	0	POS-1
C	pos-selfclosing-row	S	B1	n:4	4	-	ecma:18.3.1.73	0	POS-1
C	pos-selfclosing-row	S	A2	blank		-	excel:observed	1	POS-1
C	pos-selfclosing-row	S	A3	n:3	3	-	excel:observed	1	POS-1
C	pos-selfclosing-row	S	A4	n:400	400	-	excel:observed	1	POS-1
S	pos-selfclosing-row	S	used	A1:B4	ecma:18.3.1.73	1	POS-1
S	pos-selfclosing-row	S	nonblank	4	ecma:18.3.1.73	1	POS-1
W	pos-selfclosing-row	S	A1	10	exit=0;v:B1=n:13;deps=B1;flag=0	ecma:18.3.1.73	1	POS-1: B1=A1+A3 re-proved over the row after a self-closing row (true 13; master caches 410)
W	pos-selfclosing-row	S	A5	7	exit=0;v:A5=n:7	ecma:18.3.1.73	1	POS-1: a write below r-less rows
X	pos-selfclosing-row-rless	pos-selfclosing-row-rless.xlsx	1900	<row r="2"/> then r-less rows of r-less cells
C	pos-selfclosing-row-rless	S	A3	n:3	3	-	excel:observed	1	POS-1, POS-2
C	pos-selfclosing-row-rless	S	A4	n:400	400	-	excel:observed	1	POS-1, POS-2
C	pos-selfclosing-row-rless	S	A2	blank		-	excel:observed	1	POS-1
S	pos-selfclosing-row-rless	S	used	A1:B4	ecma:18.3.1.73	1	POS-1
S	pos-selfclosing-row-rless	S	nonblank	4	ecma:18.3.1.73	1	POS-1
W	pos-selfclosing-row-rless	S	A1	10	exit=0;v:B1=n:13;deps=B1;flag=0	ecma:18.3.1.73	1	POS-1, POS-2
W	pos-selfclosing-row-rless	S	B3	9	exit=0;v:B3=n:9	ecma:18.3.1.73	1	POS-1, POS-2: a write into the row after a self-closing row
X	pos-selfclosing-cell	pos-selfclosing-cell.xlsx	1900	a self-closing <c/> and a styled <c s="1"/> between r-less cells
C	pos-selfclosing-cell	S	A1	n:1	1	-	excel:observed	1	POS-2
C	pos-selfclosing-cell	S	B1	blank		-	excel:observed	1	POS-2
C	pos-selfclosing-cell	S	C1	n:3	3	-	excel:observed	1	POS-2
C	pos-selfclosing-cell	S	D1	blank		-	excel:observed	1	POS-2
C	pos-selfclosing-cell	S	E1	n:5	5	-	excel:observed	1	POS-2
S	pos-selfclosing-cell	S	nonblank	3	excel:doc	1	POS-2
Q	pos-selfclosing-cell	S	aggregate|E|sum|1:1	value=n:5	excel:doc	1	POS-2
X	pos-xprefix	pos-xprefix.xlsx	1900	the Open XML SDK shape: x:-prefixed parts, every row and cell r-less, no styles (FUSE c938d3e5)
C	pos-xprefix	S	A1	s:Name	-	-	excel:observed	1	POS-1, POS-2 (decision 23: elements by local name)
C	pos-xprefix	S	B1	s:Qty	-	-	excel:observed	1	POS-1, POS-2 (decision 23: elements by local name)
C	pos-xprefix	S	A2	s:Bolt	-	-	excel:observed	1	POS-1, POS-2 (decision 23: elements by local name)
C	pos-xprefix	S	B2	n:12	12	-	excel:observed	1	POS-1, POS-2 (decision 23: elements by local name)
C	pos-xprefix	S	A3	s:Nut	-	-	excel:observed	1	POS-1, POS-2 (decision 23: elements by local name)
C	pos-xprefix	S	B3	n:30	30	-	excel:observed	1	POS-1, POS-2 (decision 23: elements by local name)
S	pos-xprefix	S	used	A1:B3	ecma:18.3.1.73	1	POS-1, POS-2
S	pos-xprefix	S	nonblank	6	ecma:18.3.1.73	1	POS-1, POS-2
Q	pos-xprefix	S	aggregate|B|sum|2:3	value=n:42	ecma:18.3.1.73	1	POS-1, POS-2
W	pos-xprefix	S	B2	13	exit=0;v:B2=n:13	ecma:18.3.1.73	1	POS-1, POS-2: a write into a prefixed r-less sheet
X	pos-rless-formulas	pos-rless-formulas.xlsx	1900	r-less formula cells, one uncached, one NOW(), under fullCalcOnLoad
C	pos-rless-formulas	S	A1	n:5	5	-	excel:observed	1	POS-2
C	pos-rless-formulas	S	C1	n:45000	45000	-	excel:doc	0	POS-2 (a volatile cache)
S	pos-rless-formulas	S	uncached	1	excel:doc	1	POS-2: the recalculation status sees the r-less uncached formula
S	pos-rless-formulas	S	volatile	1	excel:doc	1	POS-2: and the r-less NOW()
S	pos-rless-formulas	S	nonblank	3	excel:doc	1	POS-2
S	pos-rless-formulas	S	used	A1:C1	excel:doc	1	POS-2
S	pos-rless-formulas	S	clear	kept	excel:doc	1	POS-2: clear-recalculation-flag --clear must keep a flag an r-less uncached formula and an r-less NOW() warrant (decision 25)
X	pos-rless-row-after-explicit	pos-rless-row-after-explicit.xlsx	1900	an r-less row after <row r="3">
C	pos-rless-row-after-explicit	S	A3	n:3	3	-	excel:observed	0	POS-1
C	pos-rless-row-after-explicit	S	A4	n:4	4	-	excel:observed	1	POS-1
C	pos-rless-row-after-explicit	S	A5	n:5	5	-	excel:observed	1	POS-1, POS-2
C	pos-rless-row-after-explicit	S	A2	blank		-	excel:observed	1	POS-1
S	pos-rless-row-after-explicit	S	used	A3:A5	ecma:18.3.1.73	1	POS-1
Q	pos-rless-row-after-explicit	S	aggregate|A|sum|1:5	value=n:12	ecma:18.3.1.73	1	POS-1
X	pos-rless-after-gap	pos-rless-after-gap.xlsx	1900	r-less cells after explicit ones with gaps (C1 then D1; F1 then G1)
C	pos-rless-after-gap	S	C1	n:3	3	-	excel:observed	1	POS-2
C	pos-rless-after-gap	S	D1	n:4	4	-	excel:observed	1	POS-2
C	pos-rless-after-gap	S	F1	n:6	6	-	excel:observed	1	POS-2
C	pos-rless-after-gap	S	G1	n:7	7	-	excel:observed	1	POS-2
C	pos-rless-after-gap	S	E1	blank		-	excel:observed	1	POS-2
S	pos-rless-after-gap	S	used	C1:G1	excel:doc	1	POS-2
X	pos-dup-identical	pos-dup-identical.xlsx	1900	two byte-identical cells at B1
C	pos-dup-identical	S	A1	n:1	1	-	excel:observed	0	POS-4 identical
C	pos-dup-identical	S	B1	n:5	5	-	excel:observed	0	POS-4 identical
C	pos-dup-identical	S	B2	n:10	10	-	excel:observed	0	POS-4 identical
S	pos-dup-identical	S	nonblank	3	b1:W3	0	POS-4 identical: one cell
Q	pos-dup-identical	S	aggregate|B|sum|1:2	value=n:15	b1:W3	0	POS-4 identical
Q	pos-dup-identical	S	aggregate|B|count|1:2	value=n:2	b1:W3	0	POS-4 identical: one cell
X	pos-dup-different	pos-dup-different.xlsx	1900	two different cells at B1, 5 then 7 (review PV-2)
C	pos-dup-different	S	B1	refuse:duplicate-cell	-	-	excel:repaired	0	POS-4
C	pos-dup-different	S	A1	n:1	1	-	excel:observed	0	beside the damage: a value or a refusal
C	pos-dup-different	S	B2	n:10	10	-	excel:observed	0	beside the damage: a value or a refusal
Q	pos-dup-different	S	aggregate|B|sum|1:2	value=refuse	undecided:duplicate-cell	0	POS-4: no total over an undecided cell
W	pos-dup-different	S	C1	3	refuse	undecided:duplicate-cell	0	POS-4: no write into a sheet whose cells are undecided
X	pos-rless-onto-explicit	pos-rless-onto-explicit.xlsx	1900	an r-less A1, then an explicit A1
C	pos-rless-onto-explicit	S	A1	refuse:duplicate-cell	-	-	excel:repaired	0	POS-4, POS-5
X	pos-mismatch	pos-mismatch.xlsx	1900	<row r="5"><c r="A7"> (review PV-3)
C	pos-mismatch	S	A7	refuse:cell-row-mismatch	-	-	excel:repaired	0	POS-3
C	pos-mismatch	S	A5	refuse:cell-row-mismatch	-	-	excel:repaired	0	POS-3: neither address may hold 70
C	pos-mismatch	S	A1	n:1	1	-	excel:observed	0	beside the damage
Q	pos-mismatch	S	aggregate|A|sum|1:10	value=refuse	undecided:cell-row-mismatch	0	POS-3
W	pos-mismatch	S	B1	3	refuse	undecided:cell-row-mismatch	0	POS-3
X	pos-row-backwards	pos-row-backwards.xlsx	1900	<row r="3"> then <row r="2">
C	pos-row-backwards	S	A2	refuse:out-of-order	-	-	excel:repaired	0	POS-5
C	pos-row-backwards	S	A3	n:3	3	-	excel:observed	0	beside the damage: a value or a refusal
Q	pos-row-backwards	S	aggregate|A|sum|1:3	value=refuse	undecided:out-of-order	0	POS-5
X	pos-cell-backwards	pos-cell-backwards.xlsx	1900	<c r="C1"> then <c r="A1"> in one row
C	pos-cell-backwards	S	A1	refuse:out-of-order	-	-	excel:repaired	0	POS-5
C	pos-cell-backwards	S	C1	n:3	3	-	excel:observed	0	beside the damage: a value or a refusal
X	pos-backwards-identical-blank	pos-backwards-identical-blank.xlsx	1900	a styled blank repeated, byte for byte, after cells to its right: the only backwards positions in the corpora (3 FUSE files, 105 each, no Excel-saved file)
C	pos-backwards-identical-blank	S	B1	blank		-	excel:observed	0	POS-4 identical, placed backwards: one cell
S	pos-backwards-identical-blank	S	nonblank	2	b1:W3	0	POS-4 identical: the styled blanks are no content; C1 and A2 are
C	pos-backwards-identical-blank	S	C1	n:3	3	-	excel:observed	0	beside the damage: a value or a refusal
C	pos-backwards-identical-blank	S	A2	n:2	2	-	excel:observed	0	beside the damage: a value or a refusal
X	pos-row-repeated	pos-row-repeated.xlsx	1900	two <row r="2"> elements (MS-OI29500 allows the order; Excel merges them)
C	pos-row-repeated	S	A2	n:2	2	-	excel:observed	0	POS-5 (X2): the first element's cell
C	pos-row-repeated	S	B2	n:3	3	-	excel:observed	0	POS-5 (X2): a repeated row continues row 2 (request 4: merged)
S	pos-row-repeated	S	nonblank	2	excel:observed	0	POS-5 (X2): one row of two cells
S	pos-row-repeated	S	used	A2:B2	excel:observed	0	POS-5 (X2)
Q	pos-row-repeated	S	aggregate|B|sum|1:3	value=n:3	excel:observed	0	POS-5 (X2): the repeated row's cell is in row 2
X	pos-row-repeated-backwards	pos-row-repeated-backwards.xlsx	1900	a repeated <row r="2"> whose cell lies left of the earlier element's
C	pos-row-repeated-backwards	S	B2	n:2	2	-	excel:doc	0	beside the damage: a value or a refusal
C	pos-row-repeated-backwards	S	A2	refuse:out-of-order	-	-	undecided:out-of-order	0	POS-5 (X2): a repeated row's cells must still ascend after the earlier ones
X	pos-row-repeated-rless	pos-row-repeated-rless.xlsx	1900	a repeated <row r="2"> holding an r-less cell (B2, then an r-less 3)
C	pos-row-repeated-rless	S	B2	n:2	2	-	excel:doc	0	beside the damage: a value or a refusal
C	pos-row-repeated-rless	S	C2	refuse:repeated-row-rless	-	-	undecided:repeated-row-rless	0	POS-5 (X2): the column count carried on: C2, or ...
C	pos-row-repeated-rless	S	A2	refuse:repeated-row-rless	-	-	undecided:repeated-row-rless	0	... the first <c> of its element (MS-OI29500 2.1.590 c): A2. Neither may hold 3: nothing observed decides
X	val-rph-shared	val-rph-shared.xlsx	1900	phonetic runs in shared strings (review R6 rPh)
C	val-rph-shared	S	A1	s:東京	-	-	excel:observed	1	VAL-1
C	val-rph-shared	S	A2	s:東京	-	-	excel:observed	0	VAL-1
C	val-rph-shared	S	A3	s:東京	-	-	excel:observed	1	VAL-1
C	val-rph-shared	S	A4	s:田中	-	-	excel:observed	1	VAL-1
C	val-rph-shared	S	A5	s: 規制 	-	-	excel:observed	1	VAL-1
Q	val-rph-shared	S	distinct|A|1:3|--top|5	distinct=東京:3	ecma:18.4.6	1	VAL-1: one value, not two
Q	val-rph-shared	S	find-rows|1:5|--criteria|A=東京|--return-columns|A,B	total_matched=n:3;rows=1,2,3	ecma:18.4.6	1	VAL-1
Q	val-rph-shared	S	group-by|A|sum|1:3|--value|B	groups=東京:n:60	ecma:18.4.6	1	VAL-1
X	val-rph-inline	val-rph-inline.xlsx	1900	phonetic runs in inline strings, rich runs, a <phoneticPr> alone
C	val-rph-inline	S	A1	s:東京	-	-	excel:observed	1	VAL-1
C	val-rph-inline	S	A2	s:東京	-	-	excel:observed	1	VAL-1
C	val-rph-inline	S	A3	s:田中	-	-	excel:observed	1	VAL-1
C	val-rph-inline	S	A4	s:東京	-	-	excel:observed	1	VAL-1
Q	val-rph-inline	S	distinct|A|1:4|--top|5	distinct=東京:3,田中:1	ecma:18.4.6	1	VAL-1
X	val-tdate-1900	val-tdate-1900.xlsx	1900	t="d" ISO dates in a 1900 book
C	val-tdate-1900	S	A1	date:2020-01-01@43831	2020-01-01	2020-01-01	excel:observed	1	VAL-2 decided form, VAL-3 (1900); under General the display is undecided and not judged
C	val-tdate-1900	S	A2	date:2020-01-01@43831	-	2020-01-01	excel:observed	1	VAL-2 decided form, VAL-3 (1900); under General the display is undecided and not judged
C	val-tdate-1900	S	A3	date:2020-01-01T12:00@43831.5	2020-01-01 12:00:00	2020-01-01T12:00	excel:observed	1	VAL-2 decided form, VAL-3 (1900); under General the display is undecided and not judged
C	val-tdate-1900	S	A4	date:2020-01-01T12:00@43831.5	-	2020-01-01T12:00	excel:observed	1	VAL-2 decided form, VAL-3 (1900); under General the display is undecided and not judged
C	val-tdate-1900	S	A5	date:2020-01-01T12:00:30@43831.50034722222	2020-01-01 12:00:30	2020-01-01T12:00:30	excel:observed	1	VAL-2 decided form, VAL-3 (1900); under General the display is undecided and not judged
C	val-tdate-1900	S	A6	date:2020-01-01T12:00:30@43831.50034722222	-	2020-01-01T12:00:30	excel:observed	1	VAL-2 decided form, VAL-3 (1900); under General the display is undecided and not judged
C	val-tdate-1900	S	A7	date:2020-01-01T12:00:30.250@43831.50035011574	-	2020-01-01T12:00:30.250	excel:observed	1	VAL-2 decided form, VAL-3 (1900); under General the display is undecided and not judged
C	val-tdate-1900	S	A8	date:2020-01-01T12:00:30.250@43831.50035011574	-	2020-01-01T12:00:30.250	excel:observed	1	VAL-2 decided form, VAL-3 (1900); under General the display is undecided and not judged
C	val-tdate-1900	S	A9	date:9999-12-31@2958465	9999-12-31	9999-12-31	excel:observed	1	VAL-2 decided form, VAL-3 (1900); under General the display is undecided and not judged
C	val-tdate-1900	S	A10	date:9999-12-31@2958465	-	9999-12-31	excel:observed	1	VAL-2 decided form, VAL-3 (1900); under General the display is undecided and not judged
C	val-tdate-1900	S	A11	date:9999-12-31T23:59:59.999@2958465.9999999884	-	9999-12-31T23:59:59.999	excel:observed	1	VAL-2 decided form, VAL-3 (1900); under General the display is undecided and not judged
C	val-tdate-1900	S	A12	date:9999-12-31T23:59:59.999@2958465.9999999884	-	9999-12-31T23:59:59.999	excel:observed	1	VAL-2 decided form, VAL-3 (1900); under General the display is undecided and not judged
C	val-tdate-1900	S	A13	date:1900-03-01@61	1900-03-01	1900-03-01	excel:observed	1	VAL-2 decided form, VAL-3 (1900); under General the display is undecided and not judged
C	val-tdate-1900	S	A14	date:1900-03-01@61	-	1900-03-01	excel:observed	1	VAL-2 decided form, VAL-3 (1900); under General the display is undecided and not judged
C	val-tdate-1900	S	A15	unreadable:iso-date	-	2020-01-01T00:00:00Z	excel:repaired	0	VAL-2 undecided form
C	val-tdate-1900	S	A16	unreadable:iso-date	-	2020-01-01T00:00:00+13:00	excel:repaired	0	VAL-2 undecided form
C	val-tdate-1900	S	A17	unreadable:iso-date	-	12:00:00	excel:repaired	0	VAL-2 undecided form
C	val-tdate-1900	S	A18	unreadable:iso-date	-	2020-W01-3	excel:repaired	0	VAL-2 undecided form
C	val-tdate-1900	S	A19	unreadable:iso-date	-	2020-001	excel:repaired	0	VAL-2 undecided form
C	val-tdate-1900	S	A20	unreadable:iso-date	-	2020-01-01T24:00:00	excel:repaired	0	VAL-2 undecided form
C	val-tdate-1900	S	A21	unreadable:iso-date	-	2020-01-01T12:00:30.1234	excel:repaired	0	VAL-2 undecided form
C	val-tdate-1900	S	A22	unreadable:iso-date	-	2020-1-1	excel:repaired	0	VAL-2 undecided form
C	val-tdate-1900	S	A23	unreadable:iso-date	-	20200101	excel:repaired	0	VAL-2 undecided form
C	val-tdate-1900	S	A24	unreadable:iso-date	-	2020-01-01 12:00	excel:repaired	0	VAL-2 undecided form
C	val-tdate-1900	S	A25	unreadable:iso-date	-	2020-02-30	excel:repaired	0	VAL-2 undecided form
C	val-tdate-1900	S	A26	unreadable:iso-date	-	10000-01-01	excel:repaired	0	VAL-2 undecided form
C	val-tdate-1900	S	A27	unreadable:iso-date	-	1900-02-28	excel:repaired	0	VAL-2 undecided form
C	val-tdate-1900	S	A28	unreadable:iso-date	-	1900-02-29	excel:repaired	0	VAL-2 undecided form
C	val-tdate-1900	S	A29	unreadable:iso-date	-	1899-12-31	excel:repaired	0	VAL-2 undecided form
C	val-tdate-1900	S	A30	blank		-	excel:observed	0	VAL-6: an empty <v> on a non-text cell holds nothing
X	val-tdate-1904	val-tdate-1904.xlsx	1904	t="d" ISO dates in a 1904 book
C	val-tdate-1904	S	A1	date:2020-01-01@42369	2020-01-01	2020-01-01	excel:observed	1	VAL-2 decided form, VAL-3 (1904); under General the display is undecided and not judged
C	val-tdate-1904	S	A2	date:2020-01-01@42369	-	2020-01-01	excel:observed	1	VAL-2 decided form, VAL-3 (1904); under General the display is undecided and not judged
C	val-tdate-1904	S	A3	date:2020-01-01T12:00@42369.5	2020-01-01 12:00:00	2020-01-01T12:00	excel:observed	1	VAL-2 decided form, VAL-3 (1904); under General the display is undecided and not judged
C	val-tdate-1904	S	A4	date:2020-01-01T12:00@42369.5	-	2020-01-01T12:00	excel:observed	1	VAL-2 decided form, VAL-3 (1904); under General the display is undecided and not judged
C	val-tdate-1904	S	A5	date:2020-01-01T12:00:30@42369.50034722222	2020-01-01 12:00:30	2020-01-01T12:00:30	excel:observed	1	VAL-2 decided form, VAL-3 (1904); under General the display is undecided and not judged
C	val-tdate-1904	S	A6	date:2020-01-01T12:00:30@42369.50034722222	-	2020-01-01T12:00:30	excel:observed	1	VAL-2 decided form, VAL-3 (1904); under General the display is undecided and not judged
C	val-tdate-1904	S	A7	date:2020-01-01T12:00:30.250@42369.50035011574	-	2020-01-01T12:00:30.250	excel:observed	1	VAL-2 decided form, VAL-3 (1904); under General the display is undecided and not judged
C	val-tdate-1904	S	A8	date:2020-01-01T12:00:30.250@42369.50035011574	-	2020-01-01T12:00:30.250	excel:observed	1	VAL-2 decided form, VAL-3 (1904); under General the display is undecided and not judged
C	val-tdate-1904	S	A9	date:9999-12-31@2957003	9999-12-31	9999-12-31	excel:observed	1	VAL-2 decided form, VAL-3 (1904); under General the display is undecided and not judged
C	val-tdate-1904	S	A10	date:9999-12-31@2957003	-	9999-12-31	excel:observed	1	VAL-2 decided form, VAL-3 (1904); under General the display is undecided and not judged
C	val-tdate-1904	S	A11	date:9999-12-31T23:59:59.999@2957003.9999999884	-	9999-12-31T23:59:59.999	excel:observed	1	VAL-2 decided form, VAL-3 (1904); under General the display is undecided and not judged
C	val-tdate-1904	S	A12	date:9999-12-31T23:59:59.999@2957003.9999999884	-	9999-12-31T23:59:59.999	excel:observed	1	VAL-2 decided form, VAL-3 (1904); under General the display is undecided and not judged
C	val-tdate-1904	S	A13	date:1904-01-01@0	1904-01-01	1904-01-01	excel:observed	1	VAL-2 decided form, VAL-3 (1904); under General the display is undecided and not judged
C	val-tdate-1904	S	A14	date:1904-01-01@0	-	1904-01-01	excel:observed	1	VAL-2 decided form, VAL-3 (1904); under General the display is undecided and not judged
C	val-tdate-1904	S	A15	date:1904-01-02@1	1904-01-02	1904-01-02	excel:observed	1	VAL-2 decided form, VAL-3 (1904); under General the display is undecided and not judged
C	val-tdate-1904	S	A16	date:1904-01-02@1	-	1904-01-02	excel:observed	1	VAL-2 decided form, VAL-3 (1904); under General the display is undecided and not judged
C	val-tdate-1904	S	A17	date:1904-02-29@59	1904-02-29	1904-02-29	excel:observed	1	VAL-2 decided form, VAL-3 (1904); under General the display is undecided and not judged
C	val-tdate-1904	S	A18	date:1904-02-29@59	-	1904-02-29	excel:observed	1	VAL-2 decided form, VAL-3 (1904); under General the display is undecided and not judged
C	val-tdate-1904	S	A19	date:1904-01-01T06:00@0.25	1904-01-01 06:00:00	1904-01-01T06:00	excel:observed	1	VAL-2 decided form, VAL-3 (1904); under General the display is undecided and not judged
C	val-tdate-1904	S	A20	date:1904-01-01T06:00@0.25	-	1904-01-01T06:00	excel:observed	1	VAL-2 decided form, VAL-3 (1904); under General the display is undecided and not judged
C	val-tdate-1904	S	A21	unreadable:iso-date	-	2020-01-01T00:00:00Z	excel:repaired	0	VAL-2 undecided form
C	val-tdate-1904	S	A22	unreadable:iso-date	-	2020-01-01T00:00:00+13:00	excel:repaired	0	VAL-2 undecided form
C	val-tdate-1904	S	A23	unreadable:iso-date	-	12:00:00	excel:repaired	0	VAL-2 undecided form
C	val-tdate-1904	S	A24	unreadable:iso-date	-	2020-W01-3	excel:repaired	0	VAL-2 undecided form
C	val-tdate-1904	S	A25	unreadable:iso-date	-	2020-001	excel:repaired	0	VAL-2 undecided form
C	val-tdate-1904	S	A26	unreadable:iso-date	-	2020-01-01T24:00:00	excel:repaired	0	VAL-2 undecided form
C	val-tdate-1904	S	A27	unreadable:iso-date	-	2020-01-01T12:00:30.1234	excel:repaired	0	VAL-2 undecided form
C	val-tdate-1904	S	A28	unreadable:iso-date	-	2020-1-1	excel:repaired	0	VAL-2 undecided form
C	val-tdate-1904	S	A29	unreadable:iso-date	-	20200101	excel:repaired	0	VAL-2 undecided form
C	val-tdate-1904	S	A30	unreadable:iso-date	-	2020-01-01 12:00	excel:repaired	0	VAL-2 undecided form
C	val-tdate-1904	S	A31	unreadable:iso-date	-	2020-02-30	excel:repaired	0	VAL-2 undecided form
C	val-tdate-1904	S	A32	unreadable:iso-date	-	10000-01-01	excel:repaired	0	VAL-2 undecided form
C	val-tdate-1904	S	A33	unreadable:iso-date	-	1903-12-31	excel:repaired	0	VAL-2 undecided form
C	val-tdate-1904	S	A34	unreadable:iso-date	-	1900-03-01	excel:repaired	0	VAL-2 undecided form
C	val-tdate-1904	S	A35	blank		-	excel:observed	0	VAL-6: an empty <v> on a non-text cell holds nothing
X	val-utf16le-sheet	val-utf16le-sheet.xlsx	1900	a worksheet part in le
C	val-utf16le-sheet	S	A1	n:5	5	-	excel:observed	0	VAL-4
C	val-utf16le-sheet	S	A2	n:7	7	-	excel:observed	0	VAL-4
C	val-utf16le-sheet	S	A3	s:Größe	-	-	excel:observed	0	VAL-4
S	val-utf16le-sheet	S	uncached	1	xml:4.3.3	0	VAL-4: the recalculation status reads the part
S	val-utf16le-sheet	S	nonblank	4	xml:4.3.3	0	VAL-4
S	val-utf16le-sheet	S	view	content	xml:4.3.3	0	VAL-4
X	val-utf16be-sheet	val-utf16be-sheet.xlsx	1900	a worksheet part in be
C	val-utf16be-sheet	S	A1	n:5	5	-	excel:observed	0	VAL-4
C	val-utf16be-sheet	S	A2	n:7	7	-	excel:observed	0	VAL-4
C	val-utf16be-sheet	S	A3	s:Größe	-	-	excel:observed	0	VAL-4
S	val-utf16be-sheet	S	uncached	1	xml:4.3.3	0	VAL-4: the recalculation status reads the part
S	val-utf16be-sheet	S	nonblank	4	xml:4.3.3	0	VAL-4
S	val-utf16be-sheet	S	view	content	xml:4.3.3	0	VAL-4
X	val-utf8bom-sheet	val-utf8bom-sheet.xlsx	1900	a worksheet part in bom
C	val-utf8bom-sheet	S	A1	n:5	5	-	excel:observed	0	VAL-4
C	val-utf8bom-sheet	S	A2	n:7	7	-	excel:observed	0	VAL-4
C	val-utf8bom-sheet	S	A3	s:Größe	-	-	excel:observed	0	VAL-4
S	val-utf8bom-sheet	S	uncached	1	xml:4.3.3	0	VAL-4: the recalculation status reads the part
S	val-utf8bom-sheet	S	nonblank	4	xml:4.3.3	0	VAL-4
S	val-utf8bom-sheet	S	view	content	xml:4.3.3	0	VAL-4
X	val-utf16le-sst	val-utf16le-sst.xlsx	1900	a sharedStrings part in le
C	val-utf16le-sst	S	A1	s:North	-	-	excel:observed	0	VAL-4
C	val-utf16le-sst	S	A2	s:South	-	-	excel:observed	0	VAL-4
C	val-utf16le-sst	S	A3	s:Ärger	-	-	excel:observed	0	VAL-4
Q	val-utf16le-sst	S	distinct|A|1:3|--top|5	distinct=North:1,South:1,Ärger:1	xml:4.3.3	0	VAL-4
X	val-utf16be-sst	val-utf16be-sst.xlsx	1900	a sharedStrings part in be
C	val-utf16be-sst	S	A1	s:North	-	-	excel:observed	0	VAL-4
C	val-utf16be-sst	S	A2	s:South	-	-	excel:observed	0	VAL-4
C	val-utf16be-sst	S	A3	s:Ärger	-	-	excel:observed	0	VAL-4
Q	val-utf16be-sst	S	distinct|A|1:3|--top|5	distinct=North:1,South:1,Ärger:1	xml:4.3.3	0	VAL-4
X	val-utf8bom-sst	val-utf8bom-sst.xlsx	1900	a sharedStrings part in bom
C	val-utf8bom-sst	S	A1	s:North	-	-	excel:observed	0	VAL-4
C	val-utf8bom-sst	S	A2	s:South	-	-	excel:observed	0	VAL-4
C	val-utf8bom-sst	S	A3	s:Ärger	-	-	excel:observed	0	VAL-4
Q	val-utf8bom-sst	S	distinct|A|1:3|--top|5	distinct=North:1,South:1,Ärger:1	xml:4.3.3	0	VAL-4
X	val-cp1252-sst	val-cp1252-sst.xlsx	1900	a sharedStrings part declared windows-1252, holding the byte E9 (Caf\\xe9)
C	val-cp1252-sst	S	A1	s:North	-	-	excel:observed	0	VAL-4 (X5): read in the declared windows-1252
C	val-cp1252-sst	S	A2	s:South	-	-	excel:observed	0	VAL-4 (X5): read in the declared windows-1252
C	val-cp1252-sst	S	A3	s:Café	-	-	excel:observed	0	VAL-4 (X5): read in the declared windows-1252
C	val-cp1252-sst	S	B1	n:5	5	-	excel:observed	0	VAL-4 (X5): read in the declared windows-1252
Q	val-cp1252-sst	S	distinct|A|1:3|--top|5	distinct=North:1,South:1,Café:1	excel:observed	0	VAL-4 (X5): read in the declared windows-1252
X	val-latin1-ascii-sheet	val-latin1-ascii-sheet.xlsx	1900	a worksheet part declared ISO-8859-1, holding ASCII bytes only
C	val-latin1-ascii-sheet	S	A1	n:5	5	-	excel:observed	0	VAL-4 (X5): read in the declared ISO-8859-1
C	val-latin1-ascii-sheet	S	A2	n:7	7	-	excel:observed	0	VAL-4 (X5)
C	val-latin1-ascii-sheet	S	A3	s:Grosse	-	-	excel:observed	0	VAL-4 (X5)
S	val-latin1-ascii-sheet	S	nonblank	4	excel:observed	0	VAL-4 (X5)
X	val-utf16le-nobom-sst	val-utf16le-nobom-sst.xlsx	1900	a sharedStrings part in UTF-16LE with no byte order mark, declared UTF-16
C	val-utf16le-nobom-sst	S	A1	s:North	-	-	excel:observed	0	VAL-4 (X5): UTF-16 with no BOM, read from its declaration
C	val-utf16le-nobom-sst	S	A2	s:South	-	-	excel:observed	0	VAL-4 (X5): UTF-16 with no BOM, read from its declaration
C	val-utf16le-nobom-sst	S	A3	s:Ärger	-	-	excel:observed	0	VAL-4 (X5): UTF-16 with no BOM, read from its declaration
C	val-utf16le-nobom-sst	S	B1	n:5	5	-	excel:observed	0	VAL-4 (X5): UTF-16 with no BOM, read from its declaration
Q	val-utf16le-nobom-sst	S	distinct|A|1:3|--top|5	distinct=North:1,South:1,Ärger:1	excel:observed	0	VAL-4 (X5): UTF-16 with no BOM, read from its declaration
X	val-utf16be-nobom-sst	val-utf16be-nobom-sst.xlsx	1900	a sharedStrings part in UTF-16BE with no byte order mark, declared UTF-16
F	val-utf16be-nobom-sst	refuse:xl/sharedStrings.xml	undecided:utf16be-no-bom	0	VAL-4 (round 4): BOM-less UTF-16BE is undecided (Excel was shown little-endian only), so the part is refused
C	val-utf16be-nobom-sst	S	A1	unreadable:utf16be-no-bom	-	-	undecided:utf16be-no-bom	0	VAL-4 (round 4): BOM-less UTF-16BE is undecided (Excel was shown little-endian only), so the part is refused
C	val-utf16be-nobom-sst	S	A2	unreadable:utf16be-no-bom	-	-	undecided:utf16be-no-bom	0	VAL-4 (round 4): BOM-less UTF-16BE is undecided (Excel was shown little-endian only), so the part is refused
C	val-utf16be-nobom-sst	S	A3	unreadable:utf16be-no-bom	-	-	undecided:utf16be-no-bom	0	VAL-4 (round 4): BOM-less UTF-16BE is undecided (Excel was shown little-endian only), so the part is refused
C	val-utf16be-nobom-sst	S	B1	unreadable:utf16be-no-bom	-	-	undecided:utf16be-no-bom	0	VAL-4 (round 4): BOM-less UTF-16BE is undecided (Excel was shown little-endian only), so the part is refused
Q	val-utf16be-nobom-sst	S	distinct|A|1:3|--top|5	distinct=refuse	undecided:utf16be-no-bom	0	VAL-4 (round 4): BOM-less UTF-16BE is undecided (Excel was shown little-endian only), so the part is refused
X	val-utf16le-nobom-sheet	val-utf16le-nobom-sheet.xlsx	1900	a worksheet part in UTF-16LE with no byte order mark, declared UTF-16
C	val-utf16le-nobom-sheet	S	A1	n:5	5	-	settled:X5	0	VAL-4 (X5)
C	val-utf16le-nobom-sheet	S	A2	n:7	7	-	settled:X5	0	VAL-4 (X5)
C	val-utf16le-nobom-sheet	S	A3	s:Größe	-	-	settled:X5	0	VAL-4 (X5)
S	val-utf16le-nobom-sheet	S	uncached	1	settled:X5	0	VAL-4 (X5): the recalculation status reads the part
X	val-latin1-sst	val-latin1-sst.xlsx	1900	a sharedStrings part declared ISO-8859-1, holding bytes from A0 to FF
F	val-latin1-sst	refuse:xl/sharedStrings.xml	undecided:latin1-non-ascii	0	VAL-4 (round 4): a non-ASCII byte under a declared ISO-8859-1 is undecided (Excel was shown ASCII only), so the part is refused
C	val-latin1-sst	S	A1	unreadable:latin1-non-ascii	-	-	undecided:latin1-non-ascii	0	VAL-4 (round 4): a non-ASCII byte under a declared ISO-8859-1 is undecided (Excel was shown ASCII only), so the part is refused
C	val-latin1-sst	S	A2	unreadable:latin1-non-ascii	-	-	undecided:latin1-non-ascii	0	VAL-4 (round 4): a non-ASCII byte under a declared ISO-8859-1 is undecided (Excel was shown ASCII only), so the part is refused
C	val-latin1-sst	S	A3	unreadable:latin1-non-ascii	-	-	undecided:latin1-non-ascii	0	VAL-4 (round 4): a non-ASCII byte under a declared ISO-8859-1 is undecided (Excel was shown ASCII only), so the part is refused
C	val-latin1-sst	S	B1	unreadable:latin1-non-ascii	-	-	undecided:latin1-non-ascii	0	VAL-4 (round 4): a non-ASCII byte under a declared ISO-8859-1 is undecided (Excel was shown ASCII only), so the part is refused
Q	val-latin1-sst	S	distinct|A|1:3|--top|5	distinct=refuse	undecided:latin1-non-ascii	0	VAL-4 (round 4): a non-ASCII byte under a declared ISO-8859-1 is undecided (Excel was shown ASCII only), so the part is refused
X	val-cp1252-sheet	val-cp1252-sheet.xlsx	1900	a worksheet part declared windows-1252, its inline strings holding E9, 80 (the euro sign) and 93/94 (curly quotes)
F	val-cp1252-sheet	refuse:xl/worksheets/sheet1.xml	undecided:cp1252-byte-not-e9	0	VAL-4 (round 4): a windows-1252 byte other than E9, the one Excel was shown (80 to 9F included), is undecided, so the part is refused
C	val-cp1252-sheet	S	A1	unreadable:cp1252-byte-not-e9	-	-	undecided:cp1252-byte-not-e9	0	VAL-4 (round 4): a windows-1252 byte other than E9, the one Excel was shown (80 to 9F included), is undecided, so the part is refused
C	val-cp1252-sheet	S	A2	unreadable:cp1252-byte-not-e9	-	-	undecided:cp1252-byte-not-e9	0	VAL-4 (round 4): a windows-1252 byte other than E9, the one Excel was shown (80 to 9F included), is undecided, so the part is refused
C	val-cp1252-sheet	S	A3	unreadable:cp1252-byte-not-e9	-	-	undecided:cp1252-byte-not-e9	0	VAL-4 (round 4): a windows-1252 byte other than E9, the one Excel was shown (80 to 9F included), is undecided, so the part is refused
C	val-cp1252-sheet	S	B1	unreadable:cp1252-byte-not-e9	-	-	undecided:cp1252-byte-not-e9	0	VAL-4 (round 4): a windows-1252 byte other than E9, the one Excel was shown (80 to 9F included), is undecided, so the part is refused
X	val-latin1-c1-sst	val-latin1-c1-sst.xlsx	1900	a sharedStrings part declared ISO-8859-1 holding the byte 80 (a C1 control there; the euro sign in windows-1252)
F	val-latin1-c1-sst	refuse:xl/sharedStrings.xml	undecided:latin1-c1	0	VAL-4 (X5): which character Excel reads is not observed
X	val-cp1252-undefined-sst	val-cp1252-undefined-sst.xlsx	1900	a sharedStrings part declared windows-1252 holding the byte 81, which windows-1252 leaves undefined
F	val-cp1252-undefined-sst	refuse:xl/sharedStrings.xml	undecided:cp1252-undefined	0	VAL-4 (X5): an undefined byte (invalid, or the C1 control Windows maps it to: not observed)
X	val-sjis-sst	val-sjis-sst.xlsx	1900	a sharedStrings part declared Shift_JIS
F	val-sjis-sst	refuse:xl/sharedStrings.xml	undecided:encoding	0	VAL-4 (X5): any other declared encoding is undecided
X	val-utf16le-nobom-undeclared-sst	val-utf16le-nobom-undeclared-sst.xlsx	1900	a sharedStrings part in UTF-16LE with no byte order mark and no XML declaration
F	val-utf16le-nobom-undeclared-sst	refuse:xl/sharedStrings.xml	undecided:encoding	0	VAL-4 (X5): BOM-less UTF-16 is read only from a UTF-16 declaration
X	val-badutf8-sst	val-badutf8-sst.xlsx	1900	invalid UTF-8 in a shared string (Caf\\xe9)
F	val-badutf8-sst	refuse:xl/sharedStrings.xml	excel:repaired	0	VAL-4: bytes invalid in the part's encoding
X	val-badutf8-inline	val-badutf8-inline.xlsx	1900	invalid UTF-8 in an inline string
F	val-badutf8-inline	refuse:xl/worksheets/sheet1.xml	excel:repaired	0	VAL-4: invalid UTF-8 in an inline string
X	val-badutf8-v	val-badutf8-v.xlsx	1900	invalid UTF-8 in a <v>
F	val-badutf8-v	refuse:xl/worksheets/sheet1.xml	excel:repaired	0	VAL-4: invalid UTF-8 in a <v>
X	val-badutf8-f	val-badutf8-f.xlsx	1900	invalid UTF-8 in an <f>
F	val-badutf8-f	refuse:xl/worksheets/sheet1.xml	excel:repaired	0	VAL-4: invalid UTF-8 in an <f>
X	val-trunc-sheet	val-trunc-sheet.xlsx	1900	a worksheet cut off after row 50 of 100 (review stream-core/truncated-xml-accepted)
F	val-trunc-sheet	refuse:xl/worksheets/sheet1.xml	excel:repaired	0	VAL-5
Q	val-trunc-sheet	S	aggregate|A|sum|1:100	value=refuse	xml:1.0	0	VAL-5: never 1275 "exactly"
X	val-trunc-sst	val-trunc-sst.xlsx	1900	a sharedStrings part cut off mid-table
F	val-trunc-sst	refuse:xl/sharedStrings.xml	excel:repaired	0	VAL-5
X	val-trunc-styles	val-trunc-styles.xlsx	1900	a styles part cut off
F	val-trunc-styles	refuse:xl/styles.xml	excel:repaired	0	VAL-5
X	val-trunc-workbook	val-trunc-workbook.xlsx	1900	a workbook part cut off
F	val-trunc-workbook	refuse:xl/workbook.xml	excel:refused	0	VAL-5
X	val-trunc-rels	val-trunc-rels.xlsx	1900	the workbook's relationships part cut off
F	val-trunc-rels	refuse:xl/_rels/workbook.xml.rels	excel:repaired	0	VAL-5
X	val-mismatched-tags	val-mismatched-tags.xlsx	1900	a worksheet whose <v> closes as </c>
F	val-mismatched-tags	refuse:xl/worksheets/sheet1.xml	excel:repaired	0	VAL-5
X	val-b4-numbers	val-b4-numbers.xlsx	1900	number spellings (B4 round 2)
C	val-b4-numbers	S	A1	n:42	42	-	excel:observed	0	VAL-6
C	val-b4-numbers	S	A2	n:8	8	-	excel:observed	0	VAL-6
C	val-b4-numbers	S	A3	unreadable:no-form	-	+5	excel:repaired	0	VAL-6 (X6: damage Excel repairs)
C	val-b4-numbers	S	A4	n:0	0	-	excel:observed	0	VAL-6
C	val-b4-numbers	S	A5	n:1000	1000	-	excel:observed	0	VAL-6
C	val-b4-numbers	S	A6	n:0.5	0.5	-	excel:observed	0	VAL-6
C	val-b4-numbers	S	A7	n:5	5	-	excel:observed	0	VAL-6
C	val-b4-numbers	S	A8	unreadable:non-finite	-	NaN	excel:repaired	0	VAL-6 (X6: damage Excel repairs)
C	val-b4-numbers	S	A9	unreadable:non-finite	-	INF	excel:repaired	0	VAL-6 (X6: damage Excel repairs)
C	val-b4-numbers	S	A10	unreadable:non-finite	-	-INF	excel:repaired	0	VAL-6 (X6: damage Excel repairs)
C	val-b4-numbers	S	A11	unreadable:non-finite	-	1e400	excel:repaired	0	VAL-6 (X6: damage Excel repairs)
C	val-b4-numbers	S	A12	unreadable:no-form	-	inf	excel:repaired	0	VAL-6
C	val-b4-numbers	S	A13	unreadable:no-form	-	nan	excel:repaired	0	VAL-6
C	val-b4-numbers	S	A14	unreadable:no-form	-	1,5	excel:repaired	0	VAL-6
C	val-b4-numbers	S	A15	unreadable:no-form	-	0x2	excel:repaired	0	VAL-6
C	val-b4-numbers	S	A16	blank		-	excel:observed	0	VAL-6: an empty <v> on an untyped cell holds nothing
X	val-b4-bools	val-b4-bools.xlsx	1900	boolean spellings; MS-OI29500 2.1.660 b allows 1 and 0 only
C	val-b4-bools	S	A1	b:TRUE	-	-	excel:observed	0	VAL-6 (MS-OI29500 2.1.660 b: a boolean <v> "shall be 1 ... and 0")
C	val-b4-bools	S	A2	b:FALSE	-	-	excel:observed	0	VAL-6 (MS-OI29500 2.1.660 b: a boolean <v> "shall be 1 ... and 0")
C	val-b4-bools	S	A3	b:TRUE	-	-	excel:observed	0	VAL-6 (MS-OI29500 2.1.660 b: a boolean <v> "shall be 1 ... and 0")
C	val-b4-bools	S	A4	unreadable:bool-word	-	true	excel:repaired	0	VAL-6 (MS-OI29500 2.1.660 b: a boolean <v> "shall be 1 ... and 0")
C	val-b4-bools	S	A5	unreadable:bool-word	-	false	excel:repaired	0	VAL-6 (MS-OI29500 2.1.660 b: a boolean <v> "shall be 1 ... and 0")
C	val-b4-bools	S	A6	unreadable:no-form	-	TRUE	excel:repaired	0	VAL-6 (MS-OI29500 2.1.660 b: a boolean <v> "shall be 1 ... and 0")
C	val-b4-bools	S	A7	unreadable:no-form	-	2	excel:repaired	0	VAL-6 (MS-OI29500 2.1.660 b: a boolean <v> "shall be 1 ... and 0")
C	val-b4-bools	S	A8	s:		-	b4:decision-37	0	VAL-6: a text-typed formula's empty cache is ""
C	val-b4-bools	S	A9	e:#N/A	-	-	excel:observed	0	MS-OI29500 2.1.660 b: the error codes
C	val-b4-bools	S	B9	e:#DIV/0!	-	-	excel:observed	0	MS-OI29500 2.1.660 b: the error codes
S	val-b4-bools	S	uncached	1	b4:decision-37	0	decision 37: an untyped empty cache is uncached
X	val-space	val-space.xlsx	1900	<t> text with whitespace at its ends and inside, with and without xml:space, in shared strings, inline strings and rich runs
C	val-space	S	C1	unreadable:run-end-whitespace	-	a b	undecided:run-end-whitespace	0	VAL-7 (round 4): a run's <t> with whitespace at an end and no preserve is undecided (Excel was shown <t> directly under <si> and <is> only)
C	val-space	S	D1	unreadable:run-end-whitespace	-	a b	undecided:run-end-whitespace	0	VAL-7 (round 4): a run's <t> with whitespace at an end and no preserve is undecided (Excel was shown <t> directly under <si> and <is> only)
C	val-space	S	A1	s:lead	-	-	excel:asked	0	VAL-7 (X4): the same <t> Excel read in ask-space
C	val-space	S	B1	s:lead	-	-	excel:asked	0	VAL-7 (X4): the same <t> Excel read in ask-space
C	val-space	S	C2	s:a b	-	-	excel:doc	0	VAL-1 and VAL-7: runs joined; the preserved <t> keeps its space (MS-OI29500 2.1.678 a), the other has none at its ends
C	val-space	S	D2	s:a b	-	-	excel:doc	0	VAL-1 and VAL-7: runs joined; the preserved <t> keeps its space (MS-OI29500 2.1.678 a), the other has none at its ends
C	val-space	S	A2	s:trail	-	-	excel:asked	0	VAL-7 (X4): the same <t> Excel read in ask-space
C	val-space	S	B2	s:trail	-	-	excel:asked	0	VAL-7 (X4): the same <t> Excel read in ask-space
C	val-space	S	C3	unreadable:run-end-whitespace	-	 x y 	undecided:run-end-whitespace	0	VAL-7 (round 4): a run's <t> with whitespace at an end and no preserve is undecided (Excel was shown <t> directly under <si> and <is> only)
C	val-space	S	D3	unreadable:run-end-whitespace	-	 x y 	undecided:run-end-whitespace	0	VAL-7 (round 4): a run's <t> with whitespace at an end and no preserve is undecided (Excel was shown <t> directly under <si> and <is> only)
C	val-space	S	A3	s:both	-	-	excel:asked	0	VAL-7 (X4): the same <t> Excel read in ask-space
C	val-space	S	B3	s:both	-	-	excel:asked	0	VAL-7 (X4): the same <t> Excel read in ask-space
C	val-space	S	C4	unreadable:run-end-whitespace	-	  z	undecided:run-end-whitespace	0	VAL-7 (round 4): a run's <t> with whitespace at an end and no preserve is undecided (Excel was shown <t> directly under <si> and <is> only)
C	val-space	S	D4	unreadable:run-end-whitespace	-	  z	undecided:run-end-whitespace	0	VAL-7 (round 4): a run's <t> with whitespace at an end and no preserve is undecided (Excel was shown <t> directly under <si> and <is> only)
C	val-space	S	A4	s:	-	-	excel:asked	0	VAL-7 (X4): the same <t> Excel read in ask-space
C	val-space	S	B4	s:	-	-	excel:asked	0	VAL-7 (X4): the same <t> Excel read in ask-space
C	val-space	S	A5	s:x	-	-	excel:asked	0	VAL-7 (X4): the same <t> Excel read in ask-space
C	val-space	S	B5	s:x	-	-	excel:asked	0	VAL-7 (X4): the same <t> Excel read in ask-space
C	val-space	S	A6	s:Tab	-	-	excel:asked	0	VAL-7 (X4): the same <t> Excel read in ask-space
C	val-space	S	B6	s:Tab	-	-	excel:asked	0	VAL-7 (X4): the same <t> Excel read in ask-space
C	val-space	S	A7	s:a  b	-	-	excel:corpus	0	VAL-7 (X4)
C	val-space	S	B7	s:a  b	-	-	excel:corpus	0	VAL-7 (X4)
C	val-space	S	A8	s:a\nb	-	-	excel:corpus	0	VAL-7 (X4)
C	val-space	S	B8	s:a\nb	-	-	excel:corpus	0	VAL-7 (X4)
C	val-space	S	A9	s:a\tb	-	-	excel:written	0	VAL-7 (X4): an internal tab, which Excel writes with no xml:space (its saved val-xescape.xlsx; round 4, golden item 6)
C	val-space	S	B9	s:a\tb	-	-	excel:written	0	VAL-7 (X4): an internal tab, which Excel writes with no xml:space (its saved val-xescape.xlsx; round 4, golden item 6)
C	val-space	S	A10	s: x 	-	-	excel:corpus	0	VAL-7 (X4)
C	val-space	S	B10	s: x 	-	-	excel:corpus	0	VAL-7 (X4)
C	val-space	S	A11	s: a  b 	-	-	excel:doc	0	VAL-7 (X4)
C	val-space	S	B11	s: a  b 	-	-	excel:doc	0	VAL-7 (X4)
C	val-space	S	A12	s:  	-	-	excel:doc	0	VAL-7 (X4)
C	val-space	S	B12	s:  	-	-	excel:doc	0	VAL-7 (X4)
Q	val-space	S	find-rows|1:12|--criteria|A=lead|--return-columns|A	total_matched=n:1;rows=1	excel:asked	0	VAL-7 (X4): the trimmed text is the value every path matches
X	val-cdata	val-cdata.xlsx	1900	CDATA in <v>, <t>, <f> and a shared string
C	val-cdata	S	A1	n:42	42	-	excel:observed	0	CDATA is character data (XML 1.0 2.7)
C	val-cdata	S	B1	s:a<b	-	-	excel:observed	0	CDATA
C	val-cdata	S	C1	s:x&y	-	-	excel:observed	0	CDATA
C	val-cdata	S	D1	n:84	84	-	xml:2.7	0	CDATA
C	val-cdata	S	E1	s:abcd	-	-	excel:observed	0	CDATA beside text
W	val-cdata	S	A1	50	exit=0;v:D1=n:100;deps=D1;flag=0	xml:2.7	0	a CDATA formula is found and re-proved
X	val-xescape	val-xescape.xlsx	1900	_xHHHH_ escapes in shared, inline and formula-string text
C	val-xescape	S	A1	s:ABC	-	-	excel:observed	0	XSTR
C	val-xescape	S	B1	s:ABC	-	-	excel:observed	0	XSTR
C	val-xescape	S	C1	s:ABC	-	-	ecma:22.9.2.19	0	XSTR
C	val-xescape	S	A2	s:a\rb	-	-	excel:observed	0	XSTR
C	val-xescape	S	B2	s:a\rb	-	-	excel:observed	0	XSTR
C	val-xescape	S	C2	s:a\rb	-	-	ecma:22.9.2.19	0	XSTR
C	val-xescape	S	A3	s:_x0041_	-	-	excel:observed	0	XSTR
C	val-xescape	S	B3	s:_x0041_	-	-	excel:observed	0	XSTR
C	val-xescape	S	C3	s:_x0041_	-	-	ecma:22.9.2.19	0	XSTR
C	val-xescape	S	A4	s:x\u{7}y	-	-	excel:observed	0	XSTR
C	val-xescape	S	B4	s:x\u{7}y	-	-	excel:observed	0	XSTR
C	val-xescape	S	C4	s:x\u{7}y	-	-	ecma:22.9.2.19	0	XSTR
C	val-xescape	S	A5	s:a\tb	-	-	excel:observed	0	XSTR (X3: Excel reads an escaped tab and line feed)
C	val-xescape	S	B5	s:a\tb	-	-	excel:observed	0	XSTR (X3: Excel reads an escaped tab and line feed)
C	val-xescape	S	C5	s:a\tb	-	-	settled:X3	0	XSTR (X3: Excel reads an escaped tab and line feed)
C	val-xescape	S	A6	s:a\nb	-	-	excel:observed	0	XSTR (X3: Excel reads an escaped tab and line feed)
C	val-xescape	S	B6	s:a\nb	-	-	excel:observed	0	XSTR (X3: Excel reads an escaped tab and line feed)
C	val-xescape	S	C6	s:a\nb	-	-	settled:X3	0	XSTR (X3: Excel reads an escaped tab and line feed)
X	pkg-sst-relative	pkg-sst-relative.xlsx	1900	sharedStrings at xl/strings.xml through a relative Target
C	pkg-sst-relative	S	A1	s:North	-	-	excel:observed	1	PKG-1
C	pkg-sst-relative	S	A2	s:South	-	-	excel:observed	1	PKG-1
C	pkg-sst-relative	S	B1	n:5	5	-	excel:observed	0	PKG-1
Q	pkg-sst-relative	S	find-rows|1:2|--criteria|A=South|--return-columns|A,B	total_matched=n:1;rows=2	opc:6.5	1	PKG-1
X	pkg-sst-absolute	pkg-sst-absolute.xlsx	1900	sharedStrings at /xl/data/shared.xml through an absolute Target
C	pkg-sst-absolute	S	A1	s:North	-	-	excel:observed	1	PKG-1
C	pkg-sst-absolute	S	A2	s:South	-	-	excel:observed	1	PKG-1
C	pkg-sst-absolute	S	B1	n:5	5	-	excel:observed	0	PKG-1
Q	pkg-sst-absolute	S	find-rows|1:2|--criteria|A=South|--return-columns|A,B	total_matched=n:1;rows=2	opc:6.5	1	PKG-1
X	pkg-sst-dotdot	pkg-sst-dotdot.xlsx	1900	sharedStrings at /shared/strings1.xml through ../
C	pkg-sst-dotdot	S	A1	s:North	-	-	excel:observed	1	PKG-1
C	pkg-sst-dotdot	S	A2	s:South	-	-	excel:observed	1	PKG-1
C	pkg-sst-dotdot	S	B1	n:5	5	-	excel:observed	0	PKG-1
Q	pkg-sst-dotdot	S	find-rows|1:2|--criteria|A=South|--return-columns|A,B	total_matched=n:1;rows=2	opc:6.5	1	PKG-1
X	pkg-sst-case	pkg-sst-case.xlsx	1900	a Target spelled SharedStrings.XML for the part xl/sharedStrings.xml
C	pkg-sst-case	S	A1	s:North	-	-	excel:observed	1	PKG-1: part names match ASCII case-insensitively
C	pkg-sst-case	S	A2	s:South	-	-	excel:observed	1	PKG-1: part names match ASCII case-insensitively
C	pkg-sst-case	S	B1	n:5	5	-	excel:observed	0	PKG-1: part names match ASCII case-insensitively
Q	pkg-sst-case	S	find-rows|1:2|--criteria|A=South|--return-columns|A,B	total_matched=n:1;rows=2	opc:6.2.2.3	1	PKG-1: part names match ASCII case-insensitively
X	pkg-styles-elsewhere	pkg-styles-elsewhere.xlsx	1900	styles at xl/st/styles2.xml
C	pkg-styles-elsewhere	S	A1	date:2020-01-01@43831	2020-01-01	-	excel:observed	1	PKG-1
C	pkg-styles-elsewhere	S	B1	n:0.5	12:00	-	excel:observed	1	PKG-1
X	pkg-workbook-relocated	pkg-workbook-relocated.xlsx	1900	the workbook at wb/book.xml, its sheets at wb/sh/, through _rels/.rels
C	pkg-workbook-relocated	S	A1	s:North	-	-	excel:observed	1	PKG-1
C	pkg-workbook-relocated	S	A2	s:South	-	-	excel:observed	1	PKG-1
C	pkg-workbook-relocated	S	B1	n:5	5	-	excel:observed	0	PKG-1
Q	pkg-workbook-relocated	S	find-rows|1:2|--criteria|A=South|--return-columns|A,B	total_matched=n:1;rows=2	opc:6.5	1	PKG-1
C	pkg-workbook-relocated	S	A3	date:2020-01-01@43831	2020-01-01	-	excel:observed	1	PKG-1
X	pkg-strict	pkg-strict.xlsx	1900	strict relationship types and namespaces (conformance="strict"); no serial below 61
C	pkg-strict	S	A1	s:North	-	-	excel:observed	1	PKG-1 (strict types)
C	pkg-strict	S	A2	s:South	-	-	excel:observed	1	PKG-1 (strict types)
C	pkg-strict	S	B1	n:5	5	-	excel:observed	0	PKG-1 (strict types)
Q	pkg-strict	S	find-rows|1:2|--criteria|A=South|--return-columns|A,B	total_matched=n:1;rows=2	opc:6.5	1	PKG-1 (strict types)
C	pkg-strict	S	A3	date:2020-01-01@43831	2020-01-01	-	excel:observed	1	PKG-1, VAL-3 (strict: the 1900 system; equal to the compatibility system from serial 61)
X	pkg-strict-epoch	pkg-strict-epoch.xlsx	1900	a strict book's first serials under id 14
C	pkg-strict-epoch	S	A1	n:0	1900-01-00	-	excel:asked	0	VAL-3 (X10): a strict book draws like the compatibility system - Excel draws 1900-01-00
C	pkg-strict-epoch	S	A2	n:1	1900-01-01	-	excel:asked	1	VAL-3 (X10): a strict book draws like the compatibility system - Excel draws 1900-01-01
C	pkg-strict-epoch	S	A3	n:2	1900-01-02	-	excel:asked	1	VAL-3 (X10): a strict book draws like the compatibility system - Excel draws 1900-01-02
C	pkg-strict-epoch	S	A4	n:59	1900-02-28	-	excel:asked	1	VAL-3 (X10): a strict book draws like the compatibility system - Excel draws 1900-02-28
C	pkg-strict-epoch	S	A5	n:60	1900-02-29	-	excel:asked	0	VAL-3 (X10): a strict book draws like the compatibility system - Excel draws 1900-02-29
C	pkg-strict-epoch	S	A6	date:1900-03-01@61	1900-03-01	-	excel:asked	1	VAL-3 (X10): a strict book draws like the compatibility system - Excel draws 1900-03-01
X	date-1900-epoch	date-1900-epoch.xlsx	1900	the control: the same under id 14 in a compatibility (transitional) book
C	date-1900-epoch	S	A1	n:0	1900-01-00	-	excel:asked	0	VAL-3: the compatibility system (the control) - Excel draws 1900-01-00
C	date-1900-epoch	S	A2	n:1	1900-01-01	-	excel:asked	0	VAL-3: the compatibility system (the control) - Excel draws 1900-01-01
C	date-1900-epoch	S	A3	n:30	1900-01-30	-	excel:asked	0	VAL-3: the compatibility system (the control) - Excel draws 1900-01-30
C	date-1900-epoch	S	A4	n:59	1900-02-28	-	excel:asked	0	VAL-3: the compatibility system (the control) - Excel draws 1900-02-28
C	date-1900-epoch	S	A5	n:60	1900-02-29	-	excel:asked	0	VAL-3: the compatibility system (the control) - Excel draws 1900-02-29
C	date-1900-epoch	S	A6	date:1900-03-01@61	1900-03-01	-	excel:asked	0	VAL-3: the compatibility system (the control) - Excel draws 1900-03-01
X	pkg-sst-norel	pkg-sst-norel.xlsx	1900	a sharedStrings part at the default path with no relationship to it
C	pkg-sst-norel	S	A1	unreadable:sst-index	-	0	excel:repaired	0	PKG-2 (absent) and PKG-3 (no table)
C	pkg-sst-norel	S	A2	unreadable:sst-index	-	1	excel:repaired	0	PKG-2 and PKG-3
C	pkg-sst-norel	S	B1	n:5	5	-	excel:observed	0	PKG-2
X	pkg-styles-norel	pkg-styles-norel.xlsx	1900	a styles part at the default path with no relationship to it
C	pkg-styles-norel	S	A1	n:43831	43831	-	excel:observed	0	PKG-2: absent styles, every cell General
X	pkg-missing-sst	pkg-missing-sst.xlsx	1900	a relationship to a sharedStrings part that is not in the package
F	pkg-missing-sst	refuse:xl/sharedStrings.xml	excel:repaired	0	PKG-2
X	pkg-missing-styles	pkg-missing-styles.xlsx	1900	a relationship to a styles part that is not in the package
C	pkg-missing-styles	S	A1	n:1	1	-	excel:observed	0	PKG-2 (round 4): a missing styles part reads as no styles, every cell General (Excel opened the file cleanly)
X	pkg-missing-sheet	pkg-missing-sheet.xlsx	1900	a relationship to a worksheet part that is not in the package
F	pkg-missing-sheet	refuse:xl/worksheets/sheet1.xml	excel:repaired	0	PKG-2
X	pkg-crc-sst	pkg-crc-sst.xlsx	1900	a bad CRC in xl/sharedStrings.xml
F	pkg-crc-sst	refuse:xl/sharedStrings.xml	opc:damaged	0	PKG-2 (Excel cannot open it either: its answer is a refusal)
X	pkg-crc-styles	pkg-crc-styles.xlsx	1900	a bad CRC in xl/styles.xml
F	pkg-crc-styles	refuse:xl/styles.xml	opc:damaged	0	PKG-2 (Excel cannot open it either: its answer is a refusal)
X	pkg-crc-sheet	pkg-crc-sheet.xlsx	1900	a bad CRC in xl/worksheets/sheet1.xml
F	pkg-crc-sheet	refuse:xl/worksheets/sheet1.xml	opc:damaged	0	PKG-2 (Excel cannot open it either: its answer is a refusal)
X	pkg-deflate-sheet	pkg-deflate-sheet.xlsx	1900	a damaged deflate stream in the worksheet part
F	pkg-deflate-sheet	refuse:xl/worksheets/sheet1.xml	opc:damaged	0	PKG-2
X	pkg-sst-index	pkg-sst-index.xlsx	1900	t="s" values that are no index of a 1-entry table
C	pkg-sst-index	S	A1	unreadable:sst-index	-	7	excel:repaired	0	PKG-3 (never "")
C	pkg-sst-index	S	B1	unreadable:sst-index	-	x	excel:repaired	0	PKG-3 (never "")
C	pkg-sst-index	S	D1	unreadable:sst-index	-	-1	excel:repaired	0	PKG-3 (never "")
C	pkg-sst-index	S	E1	unreadable:sst-index	-	1.0	excel:repaired	0	PKG-3 (never "")
C	pkg-sst-index	S	C1	s:Only	-	-	excel:observed	0	PKG-3
X	pkg-no-sst	pkg-no-sst.xlsx	1900	t="s" cells and no sharedStrings part or relationship
C	pkg-no-sst	S	A1	unreadable:sst-index	-	0	excel:repaired	0	PKG-3: a table absent while t="s" cells exist
C	pkg-no-sst	S	B1	n:5	5	-	excel:observed	0	PKG-3
X	pkg-bomb-sst	runtime:bomb:sst	1900	a sharedStrings part that inflates past PART_DECOMPRESS_CAP
F	pkg-bomb-sst	refuse:xl/sharedStrings.xml	b4:decision-33	0	PKG-4
X	pkg-bomb-styles	runtime:bomb:styles	1900	a styles part that inflates past PART_DECOMPRESS_CAP
F	pkg-bomb-styles	refuse:xl/styles.xml	b4:decision-33	0	PKG-4
X	pkg-many-1000	runtime:many:1000	1900	1000 one-cell sheets, S1 to S1000; Sk!A1 = k
Q	pkg-many-1000	S500	aggregate|A|sum|1:1	value=n:500	excel:doc	0	PKG-5: the right sheet of many
T	pkg-many-1000	S	sheet-summary|S500	1	r8:zip-lookup	0	PKG-5: ONE sheet of many
T	pkg-many-1000	S	workbook-summary	6	r8:zip-lookup	0	PKG-5: every sheet, each part a bounded number of times
T	pkg-many-1000	S	aggregate|S500|A|sum|1:1	1	r8:zip-lookup	0	PKG-5: ONE sheet of many
X	pkg-many-2000	runtime:many:2000	1900	2000 one-cell sheets, S1 to S2000; Sk!A1 = k
Q	pkg-many-2000	S1000	aggregate|A|sum|1:1	value=n:1000	excel:doc	0	PKG-5: the right sheet of many
T	pkg-many-2000	S	sheet-summary|S1000	1	r8:zip-lookup	0	PKG-5: ONE sheet of many
T	pkg-many-2000	S	workbook-summary	12	r8:zip-lookup	0	PKG-5: every sheet, each part a bounded number of times
T	pkg-many-2000	S	aggregate|S1000|A|sum|1:1	1	r8:zip-lookup	0	PKG-5: ONE sheet of many
X	pkg-heavy-neighbours	runtime:heavy:8	1900	sheet S1 holds three cells; S2 to S9 each inflate to 64 MiB of empty elements (<x/>) before their sheetData, which a one-sheet command must not read
Q	pkg-heavy-neighbours	S1	aggregate|A|sum|1:3	value=n:6	excel:doc	0	PKG-5: the one sheet asked for
T	pkg-heavy-neighbours	S	sheet-summary|S1	1	r8:zip-lookup	0	PKG-5: no other sheet's part is read
T	pkg-heavy-neighbours	S	view-sheet|S1	1	r8:zip-lookup	0	PKG-5: no other sheet's part is read
T	pkg-heavy-neighbours	S	aggregate|S1|A|sum|1:3	1	r8:zip-lookup	0	PKG-5: no other sheet's part is read
X	date-1904-display	date-1904-display.xlsx	1904	every built-in date and time id, and custom codes, in a 1904 book
C	date-1904-display	S	A1	date:1904-01-01@0	1904-01-01	-	excel:observed	1	VAL-3: display under d14
C	date-1904-display	S	A2	date:1904-01-02@1	1904-01-02	-	excel:observed	1	VAL-3: display under d14
C	date-1904-display	S	A3	date:1904-02-29@59	1904-02-29	-	excel:observed	1	VAL-3: display under d14
C	date-1904-display	S	A4	date:1904-03-01@60	1904-03-01	-	excel:observed	1	VAL-3: display under d14
C	date-1904-display	S	A5	date:1904-03-02@61	1904-03-02	-	excel:observed	1	VAL-3: display under d14
C	date-1904-display	S	A6	date:1905-01-01@366	1905-01-01	-	excel:observed	1	VAL-3: display under d14
C	date-1904-display	S	A7	date:1908-01-02@1462	1908-01-02	-	excel:observed	1	VAL-3: display under d14
C	date-1904-display	S	A8	date:2013-07-07@40000	2013-07-07	-	excel:observed	1	VAL-3: display under d14
C	date-1904-display	S	A9	date:2013-07-07T18:00:00@40000.75	2013-07-07	-	excel:observed	1	VAL-3: display under d14
C	date-1904-display	S	A10	date:2021-09-23T12:00:00@43000.5	2021-09-23	-	excel:observed	1	VAL-3: display under d14
C	date-1904-display	S	A11	date:9999-12-31@2957003	9999-12-31	-	excel:observed	1	VAL-3: display under d14
C	date-1904-display	S	A12	date:1904-01-01@0	1904-01-01 0:00	-	excel:observed	1	VAL-3: display under d22
C	date-1904-display	S	A13	date:1904-01-02@1	1904-01-02 0:00	-	excel:observed	1	VAL-3: display under d22
C	date-1904-display	S	A14	date:1904-02-29@59	1904-02-29 0:00	-	excel:observed	1	VAL-3: display under d22
C	date-1904-display	S	A15	date:1904-03-01@60	1904-03-01 0:00	-	excel:observed	1	VAL-3: display under d22
C	date-1904-display	S	A16	date:1904-03-02@61	1904-03-02 0:00	-	excel:observed	1	VAL-3: display under d22
C	date-1904-display	S	A17	date:1905-01-01@366	1905-01-01 0:00	-	excel:observed	1	VAL-3: display under d22
C	date-1904-display	S	A18	date:1908-01-02@1462	1908-01-02 0:00	-	excel:observed	1	VAL-3: display under d22
C	date-1904-display	S	A19	date:2013-07-07@40000	2013-07-07 0:00	-	excel:observed	1	VAL-3: display under d22
C	date-1904-display	S	A20	date:2013-07-07T18:00:00@40000.75	2013-07-07 18:00	-	excel:observed	1	VAL-3: display under d22
C	date-1904-display	S	A21	date:2021-09-23T12:00:00@43000.5	2021-09-23 12:00	-	excel:observed	1	VAL-3: display under d22
C	date-1904-display	S	A22	date:9999-12-31@2957003	9999-12-31 0:00	-	excel:observed	1	VAL-3: display under d22
C	date-1904-display	S	A23	date:1904-01-01@0	1904-01-01 00:00:00	-	excel:observed	1	VAL-3: display under dt
C	date-1904-display	S	A24	date:1904-01-02@1	1904-01-02 00:00:00	-	excel:observed	1	VAL-3: display under dt
C	date-1904-display	S	A25	date:1904-02-29@59	1904-02-29 00:00:00	-	excel:observed	1	VAL-3: display under dt
C	date-1904-display	S	A26	date:1904-03-01@60	1904-03-01 00:00:00	-	excel:observed	1	VAL-3: display under dt
C	date-1904-display	S	A27	date:1904-03-02@61	1904-03-02 00:00:00	-	excel:observed	1	VAL-3: display under dt
C	date-1904-display	S	A28	date:1905-01-01@366	1905-01-01 00:00:00	-	excel:observed	1	VAL-3: display under dt
C	date-1904-display	S	A29	date:1908-01-02@1462	1908-01-02 00:00:00	-	excel:observed	1	VAL-3: display under dt
C	date-1904-display	S	A30	date:2013-07-07@40000	2013-07-07 00:00:00	-	excel:observed	1	VAL-3: display under dt
C	date-1904-display	S	A31	date:2013-07-07T18:00:00@40000.75	2013-07-07 18:00:00	-	excel:observed	1	VAL-3: display under dt
C	date-1904-display	S	A32	date:2021-09-23T12:00:00@43000.5	2021-09-23 12:00:00	-	excel:observed	1	VAL-3: display under dt
C	date-1904-display	S	A33	date:9999-12-31@2957003	9999-12-31 00:00:00	-	excel:observed	1	VAL-3: display under dt
C	date-1904-display	S	A34	date:1904-01-01@0	1904-01-01 00:00	-	excel:observed	1	VAL-3: display under dhm
C	date-1904-display	S	A35	date:1904-01-02@1	1904-01-02 00:00	-	excel:observed	1	VAL-3: display under dhm
C	date-1904-display	S	A36	date:1904-02-29@59	1904-02-29 00:00	-	excel:observed	1	VAL-3: display under dhm
C	date-1904-display	S	A37	date:1904-03-01@60	1904-03-01 00:00	-	excel:observed	1	VAL-3: display under dhm
C	date-1904-display	S	A38	date:1904-03-02@61	1904-03-02 00:00	-	excel:observed	1	VAL-3: display under dhm
C	date-1904-display	S	A39	date:1905-01-01@366	1905-01-01 00:00	-	excel:observed	1	VAL-3: display under dhm
C	date-1904-display	S	A40	date:1908-01-02@1462	1908-01-02 00:00	-	excel:observed	1	VAL-3: display under dhm
C	date-1904-display	S	A41	date:2013-07-07@40000	2013-07-07 00:00	-	excel:observed	1	VAL-3: display under dhm
C	date-1904-display	S	A42	date:2013-07-07T18:00:00@40000.75	2013-07-07 18:00	-	excel:observed	1	VAL-3: display under dhm
C	date-1904-display	S	A43	date:2021-09-23T12:00:00@43000.5	2021-09-23 12:00	-	excel:observed	1	VAL-3: display under dhm
C	date-1904-display	S	A44	date:9999-12-31@2957003	9999-12-31 00:00	-	excel:observed	1	VAL-3: display under dhm
C	date-1904-display	S	A45	date:1904-01-01@0	1-Jan-1904	-	excel:observed	1	VAL-3: display under dmy
C	date-1904-display	S	A46	date:1904-01-02@1	2-Jan-1904	-	excel:observed	1	VAL-3: display under dmy
C	date-1904-display	S	A47	date:1904-02-29@59	29-Feb-1904	-	excel:observed	1	VAL-3: display under dmy
C	date-1904-display	S	A48	date:1904-03-01@60	1-Mar-1904	-	excel:observed	1	VAL-3: display under dmy
C	date-1904-display	S	A49	date:1904-03-02@61	2-Mar-1904	-	excel:observed	1	VAL-3: display under dmy
C	date-1904-display	S	A50	date:1905-01-01@366	1-Jan-1905	-	excel:observed	1	VAL-3: display under dmy
C	date-1904-display	S	A51	date:1908-01-02@1462	2-Jan-1908	-	excel:observed	1	VAL-3: display under dmy
C	date-1904-display	S	A52	date:2013-07-07@40000	7-Jul-2013	-	excel:observed	1	VAL-3: display under dmy
C	date-1904-display	S	A53	date:2013-07-07T18:00:00@40000.75	7-Jul-2013	-	excel:observed	1	VAL-3: display under dmy
C	date-1904-display	S	A54	date:2021-09-23T12:00:00@43000.5	23-Sep-2021	-	excel:observed	1	VAL-3: display under dmy
C	date-1904-display	S	A55	date:9999-12-31@2957003	31-Dec-9999	-	excel:observed	1	VAL-3: display under dmy
C	date-1904-display	S	A56	date:1904-01-01@0	1-Jan-04	-	excel:observed	1	VAL-3: display under d15
C	date-1904-display	S	A57	date:1904-01-02@1	2-Jan-04	-	excel:observed	1	VAL-3: display under d15
C	date-1904-display	S	A58	date:1904-02-29@59	29-Feb-04	-	excel:observed	1	VAL-3: display under d15
C	date-1904-display	S	A59	date:1904-03-01@60	1-Mar-04	-	excel:observed	1	VAL-3: display under d15
C	date-1904-display	S	A60	date:1904-03-02@61	2-Mar-04	-	excel:observed	1	VAL-3: display under d15
C	date-1904-display	S	A61	date:1905-01-01@366	1-Jan-05	-	excel:observed	1	VAL-3: display under d15
C	date-1904-display	S	A62	date:1908-01-02@1462	2-Jan-08	-	excel:observed	1	VAL-3: display under d15
C	date-1904-display	S	A63	date:2013-07-07@40000	7-Jul-13	-	excel:observed	1	VAL-3: display under d15
C	date-1904-display	S	A64	date:2013-07-07T18:00:00@40000.75	7-Jul-13	-	excel:observed	1	VAL-3: display under d15
C	date-1904-display	S	A65	date:2021-09-23T12:00:00@43000.5	23-Sep-21	-	excel:observed	1	VAL-3: display under d15
C	date-1904-display	S	A66	date:9999-12-31@2957003	31-Dec-99	-	excel:observed	1	VAL-3: display under d15
C	date-1904-display	S	A67	date:1904-01-01@0	1-Jan	-	excel:observed	1	VAL-3: display under d16
C	date-1904-display	S	A68	date:1904-01-02@1	2-Jan	-	excel:observed	1	VAL-3: display under d16
C	date-1904-display	S	A69	date:1904-02-29@59	29-Feb	-	excel:observed	1	VAL-3: display under d16
C	date-1904-display	S	A70	date:1904-03-01@60	1-Mar	-	excel:observed	1	VAL-3: display under d16
C	date-1904-display	S	A71	date:1904-03-02@61	2-Mar	-	excel:observed	1	VAL-3: display under d16
C	date-1904-display	S	A72	date:1905-01-01@366	1-Jan	-	excel:observed	1	VAL-3: display under d16
C	date-1904-display	S	A73	date:1908-01-02@1462	2-Jan	-	excel:observed	1	VAL-3: display under d16
C	date-1904-display	S	A74	date:2013-07-07@40000	7-Jul	-	excel:observed	1	VAL-3: display under d16
C	date-1904-display	S	A75	date:2013-07-07T18:00:00@40000.75	7-Jul	-	excel:observed	1	VAL-3: display under d16
C	date-1904-display	S	A76	date:2021-09-23T12:00:00@43000.5	23-Sep	-	excel:observed	1	VAL-3: display under d16
C	date-1904-display	S	A77	date:9999-12-31@2957003	31-Dec	-	excel:observed	1	VAL-3: display under d16
C	date-1904-display	S	A78	date:1904-01-01@0	Jan-04	-	excel:observed	1	VAL-3: display under d17
C	date-1904-display	S	A79	date:1904-01-02@1	Jan-04	-	excel:observed	1	VAL-3: display under d17
C	date-1904-display	S	A80	date:1904-02-29@59	Feb-04	-	excel:observed	1	VAL-3: display under d17
C	date-1904-display	S	A81	date:1904-03-01@60	Mar-04	-	excel:observed	1	VAL-3: display under d17
C	date-1904-display	S	A82	date:1904-03-02@61	Mar-04	-	excel:observed	1	VAL-3: display under d17
C	date-1904-display	S	A83	date:1905-01-01@366	Jan-05	-	excel:observed	1	VAL-3: display under d17
C	date-1904-display	S	A84	date:1908-01-02@1462	Jan-08	-	excel:observed	1	VAL-3: display under d17
C	date-1904-display	S	A85	date:2013-07-07@40000	Jul-13	-	excel:observed	1	VAL-3: display under d17
C	date-1904-display	S	A86	date:2013-07-07T18:00:00@40000.75	Jul-13	-	excel:observed	1	VAL-3: display under d17
C	date-1904-display	S	A87	date:2021-09-23T12:00:00@43000.5	Sep-21	-	excel:observed	1	VAL-3: display under d17
C	date-1904-display	S	A88	date:9999-12-31@2957003	Dec-99	-	excel:observed	1	VAL-3: display under d17
C	date-1904-display	S	A89	n:0	12:00 AM	-	excel:observed	1	VAL-3: a time code draws the same in both systems (t18)
C	date-1904-display	S	A90	n:1	12:00 AM	-	excel:observed	1	VAL-3: a time code draws the same in both systems (t18)
C	date-1904-display	S	A91	n:59	12:00 AM	-	excel:observed	1	VAL-3: a time code draws the same in both systems (t18)
C	date-1904-display	S	A92	n:60	12:00 AM	-	excel:observed	1	VAL-3: a time code draws the same in both systems (t18)
C	date-1904-display	S	A93	n:61	12:00 AM	-	excel:observed	1	VAL-3: a time code draws the same in both systems (t18)
C	date-1904-display	S	A94	n:366	12:00 AM	-	excel:observed	1	VAL-3: a time code draws the same in both systems (t18)
C	date-1904-display	S	A95	n:1462	12:00 AM	-	excel:observed	1	VAL-3: a time code draws the same in both systems (t18)
C	date-1904-display	S	A96	n:40000	12:00 AM	-	excel:observed	1	VAL-3: a time code draws the same in both systems (t18)
C	date-1904-display	S	A97	n:40000.75	6:00 PM	-	excel:observed	1	VAL-3: a time code draws the same in both systems (t18)
C	date-1904-display	S	A98	n:43000.5	12:00 PM	-	excel:observed	1	VAL-3: a time code draws the same in both systems (t18)
C	date-1904-display	S	A99	n:2957003	12:00 AM	-	excel:observed	1	VAL-3: a time code draws the same in both systems (t18)
C	date-1904-display	S	A100	n:0	12:00:00 AM	-	excel:observed	1	VAL-3: a time code draws the same in both systems (t19)
C	date-1904-display	S	A101	n:1	12:00:00 AM	-	excel:observed	1	VAL-3: a time code draws the same in both systems (t19)
C	date-1904-display	S	A102	n:59	12:00:00 AM	-	excel:observed	1	VAL-3: a time code draws the same in both systems (t19)
C	date-1904-display	S	A103	n:60	12:00:00 AM	-	excel:observed	1	VAL-3: a time code draws the same in both systems (t19)
C	date-1904-display	S	A104	n:61	12:00:00 AM	-	excel:observed	1	VAL-3: a time code draws the same in both systems (t19)
C	date-1904-display	S	A105	n:366	12:00:00 AM	-	excel:observed	1	VAL-3: a time code draws the same in both systems (t19)
C	date-1904-display	S	A106	n:1462	12:00:00 AM	-	excel:observed	1	VAL-3: a time code draws the same in both systems (t19)
C	date-1904-display	S	A107	n:40000	12:00:00 AM	-	excel:observed	1	VAL-3: a time code draws the same in both systems (t19)
C	date-1904-display	S	A108	n:40000.75	6:00:00 PM	-	excel:observed	1	VAL-3: a time code draws the same in both systems (t19)
C	date-1904-display	S	A109	n:43000.5	12:00:00 PM	-	excel:observed	1	VAL-3: a time code draws the same in both systems (t19)
C	date-1904-display	S	A110	n:2957003	12:00:00 AM	-	excel:observed	1	VAL-3: a time code draws the same in both systems (t19)
C	date-1904-display	S	A111	n:0	0:00	-	excel:observed	1	VAL-3: a time code draws the same in both systems (t20)
C	date-1904-display	S	A112	n:1	0:00	-	excel:observed	1	VAL-3: a time code draws the same in both systems (t20)
C	date-1904-display	S	A113	n:59	0:00	-	excel:observed	1	VAL-3: a time code draws the same in both systems (t20)
C	date-1904-display	S	A114	n:60	0:00	-	excel:observed	1	VAL-3: a time code draws the same in both systems (t20)
C	date-1904-display	S	A115	n:61	0:00	-	excel:observed	1	VAL-3: a time code draws the same in both systems (t20)
C	date-1904-display	S	A116	n:366	0:00	-	excel:observed	1	VAL-3: a time code draws the same in both systems (t20)
C	date-1904-display	S	A117	n:1462	0:00	-	excel:observed	1	VAL-3: a time code draws the same in both systems (t20)
C	date-1904-display	S	A118	n:40000	0:00	-	excel:observed	1	VAL-3: a time code draws the same in both systems (t20)
C	date-1904-display	S	A119	n:40000.75	18:00	-	excel:observed	1	VAL-3: a time code draws the same in both systems (t20)
C	date-1904-display	S	A120	n:43000.5	12:00	-	excel:observed	1	VAL-3: a time code draws the same in both systems (t20)
C	date-1904-display	S	A121	n:2957003	0:00	-	excel:observed	1	VAL-3: a time code draws the same in both systems (t20)
C	date-1904-display	S	A122	n:0	0:00:00	-	excel:observed	1	VAL-3: a time code draws the same in both systems (t21)
C	date-1904-display	S	A123	n:1	0:00:00	-	excel:observed	1	VAL-3: a time code draws the same in both systems (t21)
C	date-1904-display	S	A124	n:59	0:00:00	-	excel:observed	1	VAL-3: a time code draws the same in both systems (t21)
C	date-1904-display	S	A125	n:60	0:00:00	-	excel:observed	1	VAL-3: a time code draws the same in both systems (t21)
C	date-1904-display	S	A126	n:61	0:00:00	-	excel:observed	1	VAL-3: a time code draws the same in both systems (t21)
C	date-1904-display	S	A127	n:366	0:00:00	-	excel:observed	1	VAL-3: a time code draws the same in both systems (t21)
C	date-1904-display	S	A128	n:1462	0:00:00	-	excel:observed	1	VAL-3: a time code draws the same in both systems (t21)
C	date-1904-display	S	A129	n:40000	0:00:00	-	excel:observed	1	VAL-3: a time code draws the same in both systems (t21)
C	date-1904-display	S	A130	n:40000.75	18:00:00	-	excel:observed	1	VAL-3: a time code draws the same in both systems (t21)
C	date-1904-display	S	A131	n:43000.5	12:00:00	-	excel:observed	1	VAL-3: a time code draws the same in both systems (t21)
C	date-1904-display	S	A132	n:2957003	0:00:00	-	excel:observed	1	VAL-3: a time code draws the same in both systems (t21)
C	date-1904-display	S	A133	n:0	00:00	-	excel:observed	1	VAL-3: a time code draws the same in both systems (t45)
C	date-1904-display	S	A134	n:1	00:00	-	excel:observed	1	VAL-3: a time code draws the same in both systems (t45)
C	date-1904-display	S	A135	n:59	00:00	-	excel:observed	1	VAL-3: a time code draws the same in both systems (t45)
C	date-1904-display	S	A136	n:60	00:00	-	excel:observed	1	VAL-3: a time code draws the same in both systems (t45)
C	date-1904-display	S	A137	n:61	00:00	-	excel:observed	1	VAL-3: a time code draws the same in both systems (t45)
C	date-1904-display	S	A138	n:366	00:00	-	excel:observed	1	VAL-3: a time code draws the same in both systems (t45)
C	date-1904-display	S	A139	n:1462	00:00	-	excel:observed	1	VAL-3: a time code draws the same in both systems (t45)
C	date-1904-display	S	A140	n:40000	00:00	-	excel:observed	1	VAL-3: a time code draws the same in both systems (t45)
C	date-1904-display	S	A141	n:40000.75	00:00	-	excel:observed	1	VAL-3: a time code draws the same in both systems (t45)
C	date-1904-display	S	A142	n:43000.5	00:00	-	excel:observed	1	VAL-3: a time code draws the same in both systems (t45)
C	date-1904-display	S	A143	n:2957003	00:00	-	excel:observed	1	VAL-3: a time code draws the same in both systems (t45)
C	date-1904-display	S	A144	n:0	0:00:00	-	excel:observed	1	VAL-3: a time code draws the same in both systems (t46)
C	date-1904-display	S	A145	n:1	24:00:00	-	excel:observed	1	VAL-3: a time code draws the same in both systems (t46)
C	date-1904-display	S	A146	n:59	1416:00:00	-	excel:observed	1	VAL-3: a time code draws the same in both systems (t46)
C	date-1904-display	S	A147	n:60	1440:00:00	-	excel:observed	1	VAL-3: a time code draws the same in both systems (t46)
C	date-1904-display	S	A148	n:61	1464:00:00	-	excel:observed	1	VAL-3: a time code draws the same in both systems (t46)
C	date-1904-display	S	A149	n:366	8784:00:00	-	excel:observed	1	VAL-3: a time code draws the same in both systems (t46)
C	date-1904-display	S	A150	n:1462	35088:00:00	-	excel:observed	1	VAL-3: a time code draws the same in both systems (t46)
C	date-1904-display	S	A151	n:40000	960000:00:00	-	excel:observed	1	VAL-3: a time code draws the same in both systems (t46)
C	date-1904-display	S	A152	n:40000.75	960018:00:00	-	excel:observed	1	VAL-3: a time code draws the same in both systems (t46)
C	date-1904-display	S	A153	n:43000.5	1032012:00:00	-	excel:observed	1	VAL-3: a time code draws the same in both systems (t46)
C	date-1904-display	S	A154	n:2957003	70968072:00:00	-	excel:observed	1	VAL-3: a time code draws the same in both systems (t46)
C	date-1904-display	S	A155	n:0	00:00.0	-	excel:observed	1	VAL-3: a time code draws the same in both systems (t47)
C	date-1904-display	S	A156	n:1	00:00.0	-	excel:observed	1	VAL-3: a time code draws the same in both systems (t47)
C	date-1904-display	S	A157	n:59	00:00.0	-	excel:observed	1	VAL-3: a time code draws the same in both systems (t47)
C	date-1904-display	S	A158	n:60	00:00.0	-	excel:observed	1	VAL-3: a time code draws the same in both systems (t47)
C	date-1904-display	S	A159	n:61	00:00.0	-	excel:observed	1	VAL-3: a time code draws the same in both systems (t47)
C	date-1904-display	S	A160	n:366	00:00.0	-	excel:observed	1	VAL-3: a time code draws the same in both systems (t47)
C	date-1904-display	S	A161	n:1462	00:00.0	-	excel:observed	1	VAL-3: a time code draws the same in both systems (t47)
C	date-1904-display	S	A162	n:40000	00:00.0	-	excel:observed	1	VAL-3: a time code draws the same in both systems (t47)
C	date-1904-display	S	A163	n:40000.75	00:00.0	-	excel:observed	1	VAL-3: a time code draws the same in both systems (t47)
C	date-1904-display	S	A164	n:43000.5	00:00.0	-	excel:observed	1	VAL-3: a time code draws the same in both systems (t47)
C	date-1904-display	S	A165	n:2957003	00:00.0	-	excel:observed	1	VAL-3: a time code draws the same in both systems (t47)
C	date-1904-display	S	A166	n:-1	-	-	excel:observed	0	VAL-3: a negative serial drawn as a date in a 1904 book (Excel does not support negative serials, MS-OI29500 2.1.585 j): the display is not judged
X	date-1900-display	date-1900-display.xlsx	1900	the 1904 display shape's codes in a 1900 book, from serial 61: the control
C	date-1900-display	S	A1	date:1900-03-01@61	1900-03-01	-	excel:observed	0	VAL-3 (1900): display under d14
C	date-1900-display	S	A2	date:1900-12-31@366	1900-12-31	-	excel:observed	0	VAL-3 (1900): display under d14
C	date-1900-display	S	A3	date:1904-01-01@1462	1904-01-01	-	excel:observed	0	VAL-3 (1900): display under d14
C	date-1900-display	S	A4	date:2009-07-06@40000	2009-07-06	-	excel:observed	0	VAL-3 (1900): display under d14
C	date-1900-display	S	A5	date:2009-07-06T18:00:00@40000.75	2009-07-06	-	excel:observed	0	VAL-3 (1900): display under d14
C	date-1900-display	S	A6	date:2017-09-22T12:00:00@43000.5	2017-09-22	-	excel:observed	0	VAL-3 (1900): display under d14
C	date-1900-display	S	A7	date:9999-12-31@2958465	9999-12-31	-	excel:observed	0	VAL-3 (1900): display under d14
C	date-1900-display	S	A8	date:1900-03-01@61	1900-03-01 0:00	-	excel:observed	0	VAL-3 (1900): display under d22
C	date-1900-display	S	A9	date:1900-12-31@366	1900-12-31 0:00	-	excel:observed	0	VAL-3 (1900): display under d22
C	date-1900-display	S	A10	date:1904-01-01@1462	1904-01-01 0:00	-	excel:observed	0	VAL-3 (1900): display under d22
C	date-1900-display	S	A11	date:2009-07-06@40000	2009-07-06 0:00	-	excel:observed	0	VAL-3 (1900): display under d22
C	date-1900-display	S	A12	date:2009-07-06T18:00:00@40000.75	2009-07-06 18:00	-	excel:observed	0	VAL-3 (1900): display under d22
C	date-1900-display	S	A13	date:2017-09-22T12:00:00@43000.5	2017-09-22 12:00	-	excel:observed	0	VAL-3 (1900): display under d22
C	date-1900-display	S	A14	date:9999-12-31@2958465	9999-12-31 0:00	-	excel:observed	0	VAL-3 (1900): display under d22
C	date-1900-display	S	A15	date:1900-03-01@61	1900-03-01 00:00:00	-	excel:observed	0	VAL-3 (1900): display under dt
C	date-1900-display	S	A16	date:1900-12-31@366	1900-12-31 00:00:00	-	excel:observed	0	VAL-3 (1900): display under dt
C	date-1900-display	S	A17	date:1904-01-01@1462	1904-01-01 00:00:00	-	excel:observed	0	VAL-3 (1900): display under dt
C	date-1900-display	S	A18	date:2009-07-06@40000	2009-07-06 00:00:00	-	excel:observed	0	VAL-3 (1900): display under dt
C	date-1900-display	S	A19	date:2009-07-06T18:00:00@40000.75	2009-07-06 18:00:00	-	excel:observed	0	VAL-3 (1900): display under dt
C	date-1900-display	S	A20	date:2017-09-22T12:00:00@43000.5	2017-09-22 12:00:00	-	excel:observed	0	VAL-3 (1900): display under dt
C	date-1900-display	S	A21	date:9999-12-31@2958465	9999-12-31 00:00:00	-	excel:observed	0	VAL-3 (1900): display under dt
C	date-1900-display	S	A22	date:1900-03-01@61	1900-03-01 00:00	-	excel:observed	0	VAL-3 (1900): display under dhm
C	date-1900-display	S	A23	date:1900-12-31@366	1900-12-31 00:00	-	excel:observed	0	VAL-3 (1900): display under dhm
C	date-1900-display	S	A24	date:1904-01-01@1462	1904-01-01 00:00	-	excel:observed	0	VAL-3 (1900): display under dhm
C	date-1900-display	S	A25	date:2009-07-06@40000	2009-07-06 00:00	-	excel:observed	0	VAL-3 (1900): display under dhm
C	date-1900-display	S	A26	date:2009-07-06T18:00:00@40000.75	2009-07-06 18:00	-	excel:observed	0	VAL-3 (1900): display under dhm
C	date-1900-display	S	A27	date:2017-09-22T12:00:00@43000.5	2017-09-22 12:00	-	excel:observed	0	VAL-3 (1900): display under dhm
C	date-1900-display	S	A28	date:9999-12-31@2958465	9999-12-31 00:00	-	excel:observed	0	VAL-3 (1900): display under dhm
C	date-1900-display	S	A29	date:1900-03-01@61	1-Mar-1900	-	excel:observed	0	VAL-3 (1900): display under dmy
C	date-1900-display	S	A30	date:1900-12-31@366	31-Dec-1900	-	excel:observed	0	VAL-3 (1900): display under dmy
C	date-1900-display	S	A31	date:1904-01-01@1462	1-Jan-1904	-	excel:observed	0	VAL-3 (1900): display under dmy
C	date-1900-display	S	A32	date:2009-07-06@40000	6-Jul-2009	-	excel:observed	0	VAL-3 (1900): display under dmy
C	date-1900-display	S	A33	date:2009-07-06T18:00:00@40000.75	6-Jul-2009	-	excel:observed	0	VAL-3 (1900): display under dmy
C	date-1900-display	S	A34	date:2017-09-22T12:00:00@43000.5	22-Sep-2017	-	excel:observed	0	VAL-3 (1900): display under dmy
C	date-1900-display	S	A35	date:9999-12-31@2958465	31-Dec-9999	-	excel:observed	0	VAL-3 (1900): display under dmy
C	date-1900-display	S	A36	date:1900-03-01@61	1-Mar-00	-	excel:observed	0	VAL-3 (1900): display under d15
C	date-1900-display	S	A37	date:1900-12-31@366	31-Dec-00	-	excel:observed	0	VAL-3 (1900): display under d15
C	date-1900-display	S	A38	date:1904-01-01@1462	1-Jan-04	-	excel:observed	0	VAL-3 (1900): display under d15
C	date-1900-display	S	A39	date:2009-07-06@40000	6-Jul-09	-	excel:observed	0	VAL-3 (1900): display under d15
C	date-1900-display	S	A40	date:2009-07-06T18:00:00@40000.75	6-Jul-09	-	excel:observed	0	VAL-3 (1900): display under d15
C	date-1900-display	S	A41	date:2017-09-22T12:00:00@43000.5	22-Sep-17	-	excel:observed	0	VAL-3 (1900): display under d15
C	date-1900-display	S	A42	date:9999-12-31@2958465	31-Dec-99	-	excel:observed	0	VAL-3 (1900): display under d15
C	date-1900-display	S	A43	date:1900-03-01@61	1-Mar	-	excel:observed	0	VAL-3 (1900): display under d16
C	date-1900-display	S	A44	date:1900-12-31@366	31-Dec	-	excel:observed	0	VAL-3 (1900): display under d16
C	date-1900-display	S	A45	date:1904-01-01@1462	1-Jan	-	excel:observed	0	VAL-3 (1900): display under d16
C	date-1900-display	S	A46	date:2009-07-06@40000	6-Jul	-	excel:observed	0	VAL-3 (1900): display under d16
C	date-1900-display	S	A47	date:2009-07-06T18:00:00@40000.75	6-Jul	-	excel:observed	0	VAL-3 (1900): display under d16
C	date-1900-display	S	A48	date:2017-09-22T12:00:00@43000.5	22-Sep	-	excel:observed	0	VAL-3 (1900): display under d16
C	date-1900-display	S	A49	date:9999-12-31@2958465	31-Dec	-	excel:observed	0	VAL-3 (1900): display under d16
C	date-1900-display	S	A50	date:1900-03-01@61	Mar-00	-	excel:observed	0	VAL-3 (1900): display under d17
C	date-1900-display	S	A51	date:1900-12-31@366	Dec-00	-	excel:observed	0	VAL-3 (1900): display under d17
C	date-1900-display	S	A52	date:1904-01-01@1462	Jan-04	-	excel:observed	0	VAL-3 (1900): display under d17
C	date-1900-display	S	A53	date:2009-07-06@40000	Jul-09	-	excel:observed	0	VAL-3 (1900): display under d17
C	date-1900-display	S	A54	date:2009-07-06T18:00:00@40000.75	Jul-09	-	excel:observed	0	VAL-3 (1900): display under d17
C	date-1900-display	S	A55	date:2017-09-22T12:00:00@43000.5	Sep-17	-	excel:observed	0	VAL-3 (1900): display under d17
C	date-1900-display	S	A56	date:9999-12-31@2958465	Dec-99	-	excel:observed	0	VAL-3 (1900): display under d17
C	date-1900-display	S	A57	n:61	12:00 AM	-	excel:observed	0	a time code (t18)
C	date-1900-display	S	A58	n:366	12:00 AM	-	excel:observed	0	a time code (t18)
C	date-1900-display	S	A59	n:1462	12:00 AM	-	excel:observed	0	a time code (t18)
C	date-1900-display	S	A60	n:40000	12:00 AM	-	excel:observed	0	a time code (t18)
C	date-1900-display	S	A61	n:40000.75	6:00 PM	-	excel:observed	0	a time code (t18)
C	date-1900-display	S	A62	n:43000.5	12:00 PM	-	excel:observed	0	a time code (t18)
C	date-1900-display	S	A63	n:2958465	12:00 AM	-	excel:observed	0	a time code (t18)
C	date-1900-display	S	A64	n:61	12:00:00 AM	-	excel:observed	0	a time code (t19)
C	date-1900-display	S	A65	n:366	12:00:00 AM	-	excel:observed	0	a time code (t19)
C	date-1900-display	S	A66	n:1462	12:00:00 AM	-	excel:observed	0	a time code (t19)
C	date-1900-display	S	A67	n:40000	12:00:00 AM	-	excel:observed	0	a time code (t19)
C	date-1900-display	S	A68	n:40000.75	6:00:00 PM	-	excel:observed	0	a time code (t19)
C	date-1900-display	S	A69	n:43000.5	12:00:00 PM	-	excel:observed	0	a time code (t19)
C	date-1900-display	S	A70	n:2958465	12:00:00 AM	-	excel:observed	0	a time code (t19)
C	date-1900-display	S	A71	n:61	0:00	-	excel:observed	0	a time code (t20)
C	date-1900-display	S	A72	n:366	0:00	-	excel:observed	0	a time code (t20)
C	date-1900-display	S	A73	n:1462	0:00	-	excel:observed	0	a time code (t20)
C	date-1900-display	S	A74	n:40000	0:00	-	excel:observed	0	a time code (t20)
C	date-1900-display	S	A75	n:40000.75	18:00	-	excel:observed	0	a time code (t20)
C	date-1900-display	S	A76	n:43000.5	12:00	-	excel:observed	0	a time code (t20)
C	date-1900-display	S	A77	n:2958465	0:00	-	excel:observed	0	a time code (t20)
C	date-1900-display	S	A78	n:61	0:00:00	-	excel:observed	0	a time code (t21)
C	date-1900-display	S	A79	n:366	0:00:00	-	excel:observed	0	a time code (t21)
C	date-1900-display	S	A80	n:1462	0:00:00	-	excel:observed	0	a time code (t21)
C	date-1900-display	S	A81	n:40000	0:00:00	-	excel:observed	0	a time code (t21)
C	date-1900-display	S	A82	n:40000.75	18:00:00	-	excel:observed	0	a time code (t21)
C	date-1900-display	S	A83	n:43000.5	12:00:00	-	excel:observed	0	a time code (t21)
C	date-1900-display	S	A84	n:2958465	0:00:00	-	excel:observed	0	a time code (t21)
C	date-1900-display	S	A85	n:61	00:00	-	excel:observed	0	a time code (t45)
C	date-1900-display	S	A86	n:366	00:00	-	excel:observed	0	a time code (t45)
C	date-1900-display	S	A87	n:1462	00:00	-	excel:observed	0	a time code (t45)
C	date-1900-display	S	A88	n:40000	00:00	-	excel:observed	0	a time code (t45)
C	date-1900-display	S	A89	n:40000.75	00:00	-	excel:observed	0	a time code (t45)
C	date-1900-display	S	A90	n:43000.5	00:00	-	excel:observed	0	a time code (t45)
C	date-1900-display	S	A91	n:2958465	00:00	-	excel:observed	0	a time code (t45)
C	date-1900-display	S	A92	n:61	1464:00:00	-	excel:observed	0	a time code (t46)
C	date-1900-display	S	A93	n:366	8784:00:00	-	excel:observed	0	a time code (t46)
C	date-1900-display	S	A94	n:1462	35088:00:00	-	excel:observed	0	a time code (t46)
C	date-1900-display	S	A95	n:40000	960000:00:00	-	excel:observed	0	a time code (t46)
C	date-1900-display	S	A96	n:40000.75	960018:00:00	-	excel:observed	0	a time code (t46)
C	date-1900-display	S	A97	n:43000.5	1032012:00:00	-	excel:observed	0	a time code (t46)
C	date-1900-display	S	A98	n:2958465	71003160:00:00	-	excel:observed	0	a time code (t46)
C	date-1900-display	S	A99	n:61	00:00.0	-	excel:observed	0	a time code (t47)
C	date-1900-display	S	A100	n:366	00:00.0	-	excel:observed	0	a time code (t47)
C	date-1900-display	S	A101	n:1462	00:00.0	-	excel:observed	0	a time code (t47)
C	date-1900-display	S	A102	n:40000	00:00.0	-	excel:observed	0	a time code (t47)
C	date-1900-display	S	A103	n:40000.75	00:00.0	-	excel:observed	0	a time code (t47)
C	date-1900-display	S	A104	n:43000.5	00:00.0	-	excel:observed	0	a time code (t47)
C	date-1900-display	S	A105	n:2958465	00:00.0	-	excel:observed	0	a time code (t47)
X	date-1904-true	date-1904-true.xlsx	1904	<workbookPr date1904="true"/>
C	date-1904-true	S	A1	date:2013-07-07@40000	2013-07-07	-	excel:observed	1	VAL-3: date1904 as xsd:boolean (1, true, 0, false, absent)
X	date-1904-false	date-1904-false.xlsx	1900	<workbookPr date1904="false"/>
C	date-1904-false	S	A1	date:2009-07-06@40000	2009-07-06	-	excel:observed	1	VAL-3: date1904 as xsd:boolean (1, true, 0, false, absent)
X	date-1904-zero	date-1904-zero.xlsx	1900	<workbookPr date1904="0"/>
C	date-1904-zero	S	A1	date:2009-07-06@40000	2009-07-06	-	excel:observed	1	VAL-3: date1904 as xsd:boolean (1, true, 0, false, absent)
X	date-1904-absent	date-1904-absent.xlsx	1900	<workbookPr/>
C	date-1904-absent	S	A1	date:2009-07-06@40000	2009-07-06	-	excel:observed	1	VAL-3: date1904 as xsd:boolean (1, true, 0, false, absent)
X	date-1904-prefixed	date-1904-prefixed.xlsx	1904	<x:workbookPr date1904="1"/>
C	date-1904-prefixed	S	A1	date:2013-07-07@40000	2013-07-07	-	excel:observed	1	VAL-3: date1904 as xsd:boolean (1, true, 0, false, absent)
X	date-1904-ops	date-1904-ops.xlsx	1904	a 1904 date column under --period, ISO criteria and typed writes
C	date-1904-ops	S	A2	date:2012-12-30@39811	2012-12-30	-	excel:observed	1	VAL-3
C	date-1904-ops	S	A3	date:2012-12-31@39812	2012-12-31	-	excel:observed	1	VAL-3
C	date-1904-ops	S	A4	date:2013-01-01@39813	2013-01-01	-	excel:observed	1	VAL-3
C	date-1904-ops	S	A5	date:2013-01-01@39813	2013-01-01	-	excel:observed	1	VAL-3
C	date-1904-ops	S	A6	date:2013-01-15@39827	2013-01-15	-	excel:observed	1	VAL-3
C	date-1904-ops	S	A7	date:2013-01-31@39843	2013-01-31	-	excel:observed	1	VAL-3
C	date-1904-ops	S	A8	date:2013-02-01@39844	2013-02-01	-	excel:observed	1	VAL-3
C	date-1904-ops	S	A9	date:2013-02-28@39871	2013-02-28	-	excel:observed	1	VAL-3
C	date-1904-ops	S	A10	date:2013-03-01@39872	2013-03-01	-	excel:observed	1	VAL-3
C	date-1904-ops	S	A11	date:2014-01-01@40178	2014-01-01	-	excel:observed	1	VAL-3
Q	date-1904-ops	S	group-by|A|count|2:11|--period|year	groups=2012:n:2,2013:n:7,2014:n:1;rows_not_a_date=n:0	ecma:18.17.4.1	1	VAL-3 and PER-1: --period year
Q	date-1904-ops	S	group-by|A|count|2:11|--period|month	groups=2012-12:n:2,2013-01:n:4,2013-02:n:2,2013-03:n:1,2014-01:n:1;rows_not_a_date=n:0	ecma:18.17.4.1	1	VAL-3: --period month
Q	date-1904-ops	S	group-by|A|count|2:11|--period|day	groups=2012-12-30:n:1,2012-12-31:n:1,2013-01-01:n:2,2013-01-15:n:1,2013-01-31:n:1,2013-02-01:n:1,2013-02-28:n:1,2013-03-01:n:1,2014-01-01:n:1;rows_not_a_date=n:0	ecma:18.17.4.1	1	VAL-3: --period day
Q	date-1904-ops	S	find-rows|2:11|--criteria|A>=2013-01-01,A<2013-02-01|--return-columns|A,B	total_matched=n:4;rows=4,5,6,7	ecma:18.17.4.1	1	VAL-3: ISO criteria
Q	date-1904-ops	S	aggregate|B|sum|2:11|--criteria|A>=2013-01-01,A<2013-02-01	value=n:220	ecma:18.17.4.1	1	VAL-3: ISO criteria
W	date-1904-ops	S	A20	2020-01-01	exit=0;v:A20=n:42369;echo=value:n:42369;echo=formatted_value:2020-01-01	ecma:18.17.4.1	1	VAL-3: a typed date write stores the 1904 serial, and echoes it
W	date-1904-ops	S	A21	1904-01-01	exit=0;v:A21=n:0	ecma:18.17.4.1	1	VAL-3: day 0
W	date-1904-ops	S	A22	1904-02-29	exit=0;v:A22=n:59	ecma:18.17.4.1	1	VAL-3: the 1904 system's 1904-02-29
W	date-1904-ops	S	A23	1903-12-31	refuse	ecma:18.17.4.1	1	VAL-3: a date before 1904-01-01 is refused
W	date-1904-ops	S	C2	=A2+1	exit=0;v:C2=n:39812	ecma:18.17.4.1	0	a formula over a 1904 date: the serial, whatever the system
X	date-1900-ops	date-1900-ops.xlsx	1900	the same column in a 1900 book, the control
C	date-1900-ops	S	A2	date:2012-12-30@41273	2012-12-30	-	excel:observed	0	VAL-3 (1900)
C	date-1900-ops	S	A3	date:2012-12-31@41274	2012-12-31	-	excel:observed	0	VAL-3 (1900)
C	date-1900-ops	S	A4	date:2013-01-01@41275	2013-01-01	-	excel:observed	0	VAL-3 (1900)
C	date-1900-ops	S	A5	date:2013-01-01@41275	2013-01-01	-	excel:observed	0	VAL-3 (1900)
C	date-1900-ops	S	A6	date:2013-01-15@41289	2013-01-15	-	excel:observed	0	VAL-3 (1900)
C	date-1900-ops	S	A7	date:2013-01-31@41305	2013-01-31	-	excel:observed	0	VAL-3 (1900)
C	date-1900-ops	S	A8	date:2013-02-01@41306	2013-02-01	-	excel:observed	0	VAL-3 (1900)
C	date-1900-ops	S	A9	date:2013-02-28@41333	2013-02-28	-	excel:observed	0	VAL-3 (1900)
C	date-1900-ops	S	A10	date:2013-03-01@41334	2013-03-01	-	excel:observed	0	VAL-3 (1900)
C	date-1900-ops	S	A11	date:2014-01-01@41640	2014-01-01	-	excel:observed	0	VAL-3 (1900)
Q	date-1900-ops	S	group-by|A|count|2:11|--period|year	groups=2012:n:2,2013:n:7,2014:n:1;rows_not_a_date=n:0	ecma:18.17.4.1	0	VAL-3 (1900)
Q	date-1900-ops	S	find-rows|2:11|--criteria|A>=2013-01-01,A<2013-02-01|--return-columns|A,B	total_matched=n:4;rows=4,5,6,7	ecma:18.17.4.1	0	VAL-3 (1900)
W	date-1900-ops	S	A20	2020-01-01	exit=0;v:A20=n:43831;echo=value:n:43831;echo=formatted_value:2020-01-01	ecma:18.17.4.1	0	VAL-3 (1900)
X	per-hourly	per-hourly.xlsx	1900	an hourly series built by accumulation (44592.99999999994 is 2022-02-01 00:00)
Q	per-hourly	T	group-by|A|count|2:50|--period|month	groups=2022-01:n:24,2022-02:n:25;rows_not_a_date=n:0	excel:asked	1	PER-1 (review R14 floor: master puts 25 in January; Excel's DAY of 44592.99999999994 is the 1st)
Q	per-hourly	T	group-by|A|count|2:50|--period|day	groups=2022-01-31:n:24,2022-02-01:n:24,2022-02-02:n:1;rows_not_a_date=n:0	excel:asked	1	PER-1
Q	per-hourly	T	group-by|A|count|2:50|--period|year	groups=2022:n:49;rows_not_a_date=n:0	excel:asked	1	PER-1
C	per-hourly	T	A2	n:44592	2022-01-31 00:00	-	excel:observed	0	PER-1: the serial as stored
C	per-hourly	T	A25	n:44592.95833333328	2022-01-31 23:00	-	excel:observed	0	PER-1: the serial as stored
C	per-hourly	T	A26	n:44592.99999999994	2022-02-01 00:00	-	excel:observed	0	PER-1: the serial as stored
C	per-hourly	T	A50	n:44593.99999999988	2022-02-02 00:00	-	excel:observed	0	PER-1: the serial as stored
X	per-edges	per-edges.xlsx	1900	serials within a millisecond of midnight, at 9999-12-31, past it, and at the epoch
Q	per-edges	S	group-by|A|count|2:2|--period|day	groups=2022-02-01:n:1;rows_not_a_date=n:0	excel:asked	1	PER-1: 0.3 ms below midnight rounds to it (44592.99999999653: 2022-02-01)
Q	per-edges	S	group-by|A|count|3:3|--period|day	groups=2022-02-01:n:1;rows_not_a_date=n:0	excel:asked	1	PER-1 (X8): 0.7 ms below midnight rounds to it at the second (it stayed at the millisecond) (44592.999999991895: 2022-02-01)
Q	per-edges	S	group-by|A|count|4:4|--period|day	groups=2022-02-01:n:1;rows_not_a_date=n:0	excel:asked	1	PER-1: 0.3 ms after midnight (44593.00000000347: 2022-02-01)
Q	per-edges	S	group-by|A|count|5:5|--period|day	groups=;rows_not_a_date=n:1	excel:asked	1	PER-1 (X8): 8.6 ms before the end of 9999-12-31 rounds past it: not a date (2958465.9999999: no date)
Q	per-edges	S	group-by|A|count|6:6|--period|day	groups=;rows_not_a_date=n:1	excel:asked	1	PER-1: rounds past 9999-12-31: not a date (2958465.999999995: no date)
Q	per-edges	S	group-by|A|count|7:7|--period|day	groups=;rows_not_a_date=n:1	excel:asked	1	PER-1: past 9999-12-31 (R14 ceiling, fixed in B1 to B4) (2958466.0: no date)
Q	per-edges	S	group-by|A|count|8:8|--period|day	groups=;rows_not_a_date=n:1	excel:asked	1	PER-1: past 9999-12-31 (3000000.0: no date)
Q	per-edges	S	group-by|A|count|9:9|--period|day	groups=;rows_not_a_date=n:1	b1:ceiling	1	PER-1: no i64 wrap (1e+19: no date)
Q	per-edges	S	group-by|A|count|10:10|--period|day	groups=;rows_not_a_date=n:1	excel:asked	1	PER-1: negative (-1.0: no date)
Q	per-edges	S	group-by|A|count|11:11|--period|day	groups=;rows_not_a_date=n:1	b1:floor	1	PER-1: serial 0 in the 1900 system is Excel's fictional 1900-01-00 (its DAY, MONTH and YEAR give it; Excel does not refuse it): --period names no date below serial 61 (B1's floor), so no bucket (0.0: no date)
Q	per-edges	S	group-by|A|count|12:12|--period|day	groups=1900-03-01:n:1;rows_not_a_date=n:0	excel:asked	1	PER-1: the first date the two 1900 calendars agree on (61.0: 1900-03-01)
Q	per-edges	S	group-by|A|count|13:13|--period|day	groups=1900-01-30:n:1;rows_not_a_date=n:0	excel:asked	0	PER-1: Excel's serial 30 (B3 excel:epoch) (30.0: 1900-01-30)
Q	per-edges	S	group-by|A|count|14:14|--period|day	groups=;rows_not_a_date=n:1	undecided:1900-02-29	0	PER-1: the fictional 1900-02-29 (60.0: refuse)
X	per-1904	per-1904.xlsx	1904	serials 0, 1462 and an accumulated midnight in a 1904 book
Q	per-1904	S	group-by|A|count|2:2|--period|day	groups=1904-01-01:n:1;rows_not_a_date=n:0	excel:asked	1	PER-1 in a 1904 book (0.0)
Q	per-1904	S	group-by|A|count|3:3|--period|day	groups=1908-01-02:n:1;rows_not_a_date=n:0	excel:asked	1	PER-1 in a 1904 book (1462.0)
Q	per-1904	S	group-by|A|count|4:4|--period|day	groups=2013-07-08:n:1;rows_not_a_date=n:0	excel:asked	1	PER-1 in a 1904 book (40000.99999999994)
Q	per-1904	S	group-by|A|count|2:4|--period|year	groups=1904:n:1,1908:n:1,2013:n:1;rows_not_a_date=n:0	settled:X8	1	PER-1 in a 1904 book
X	per-1904-edges	per-1904-edges.xlsx	1904	1904 serials at day 0, 1904-02-29, the last day, past it, and below 0
Q	per-1904-edges	S	group-by|A|count|2:2|--period|day	groups=1904-01-01:n:1;rows_not_a_date=n:0	excel:asked	1	PER-1 (X8): serial 0 is 1904-01-01 (0.5: 1904-01-01)
Q	per-1904-edges	S	group-by|A|count|3:3|--period|day	groups=1904-02-29:n:1;rows_not_a_date=n:0	excel:asked	1	PER-1: 1904-02-29, a real day in 1904 (59.0: 1904-02-29)
Q	per-1904-edges	S	group-by|A|count|4:4|--period|day	groups=1904-03-01:n:1;rows_not_a_date=n:0	excel:asked	1	PER-1: 1904-03-01 (60.0: 1904-03-01)
Q	per-1904-edges	S	group-by|A|count|5:5|--period|day	groups=;rows_not_a_date=n:1	excel:asked	1	PER-1 (X8): negative, though it rounds to 0 at the second (-3.472222222222222e-09: no date)
Q	per-1904-edges	S	group-by|A|count|6:6|--period|day	groups=;rows_not_a_date=n:1	excel:asked	1	PER-1 (X8): negative (-1.0: no date)
Q	per-1904-edges	S	group-by|A|count|7:7|--period|day	groups=;rows_not_a_date=n:1	excel:asked	1	PER-1 (X8): 8.6 ms before the end of 9999-12-31 rounds past it (2957003.9999999: no date)
Q	per-1904-edges	S	group-by|A|count|8:8|--period|day	groups=;rows_not_a_date=n:1	excel:asked	1	PER-1: past 9999-12-31 (2957004.0: no date)
X	num-overflow	num-overflow.xlsx	1900	totals past the largest double (review panics-overflow/sum-overflow-nan-null)
C	num-overflow	S	A1	n:9e+307	-	-	excel:observed	0	a large finite cell is a value
C	num-overflow	S	B1	n:1e+200	-	-	excel:observed	0	a large finite cell is a value
Q	num-overflow	S	aggregate|A|sum|1:3	value=refuse	excel:asked	1	NUM-1: past the largest double, Excel shows #NUM!
Q	num-overflow	S	aggregate|A|average|1:3	value=refuse	excel:asked	1	NUM-1 (X7): an AVERAGE over a sum that overflows is #NUM!
Q	num-overflow	S	aggregate|A|stddev|1:3	value=refuse	excel:asked	1	NUM-1: the variance's intermediate overflows
Q	num-overflow	S	aggregate|A|variance|1:3	value=refuse	excel:asked	1	NUM-1: the variance overflows
Q	num-overflow	S	distribution|A|1:3	std_dev=refuse	excel:asked	1	NUM-1: distribution's std_dev
Q	num-overflow	S	distribution|A|1:3	mean=refuse	excel:asked	1	NUM-1 (X7): distribution's mean
Q	num-overflow	S	aggregate|B|sum|1:3	value=n:0	excel:asked	0	NUM-1: a sum whose terms cancel is finite
Q	num-overflow	S	aggregate|B|average|1:3	value=n:0	excel:asked	0	NUM-1: a finite mean
Q	num-overflow	S	aggregate|B|stddev|1:3	value=refuse	excel:asked	1	NUM-1: squares of 1e200 overflow
Q	num-overflow	S	aggregate|B|variance|1:3	value=refuse	excel:asked	1	NUM-1 (X7): squares of 1e200 overflow
Q	num-overflow	S	distribution|B|1:3	std_dev=refuse	excel:asked	1	NUM-1: squares of 1e200 overflow
Q	num-overflow	S	aggregate|C|sum|1:3	value=n:2e+307	excel:doc	0	NUM-1: a large finite sum is a value
Q	num-overflow	S	group-by|D|sum|1:3|--value|E	groups=g1:refuse,g2:n:1	excel:doc	1	NUM-1: a group's figure
